666,[666],
厉害,[666],
心,[爱心],❤️ 💓 💕
爱你,[爱心],😘 🤟
爱心,[爱心],❤️ 💗
愛,[爱心],❤️ 😘
愛心,[爱心],❤️
傲慢,[傲慢],😕
白眼,[白眼],🙄
抱拳,[抱拳],
爆竹,[爆竹],🧨
鞭炮,[爆竹],🧨
炮仗,[爆竹],🧨
鄙视,[鄙视],😒 👎
鄙視,[鄙视],👎 😒
不敢说,[闭嘴],🤐
闭嘴,[闭嘴],🤐 🙊
大便,[便便],💩
屎,[便便],💩
便便,[便便],💩
擦汗,[擦汗],
刀,[菜刀],🔪
菜刀,[菜刀],🔪
吃瓜,[吃瓜],
哈哈,[呲牙],😄
呲牙,[呲牙],
嘻嘻,[呲牙],😁 😬
打脸,[打脸],
悲伤,[大哭],😭
大哭,[大哭],😭
生日,[蛋糕],🎂
蛋糕,[蛋糕],🍰
生日蛋糕,[蛋糕],🎂
生日快乐,[蛋糕],
自信,[得意],😎
酷,[得意],🆒 😎
得意,[得意],😎
扮酷,[得意],😎
枯萎,[凋谢],🥀
凋谢,[凋谢],🥀
调皮,[调皮],
淘气,[调皮],😝
鬼脸,[调皮],😜 👻 🤪
扮鬼脸,[调皮],😜
鬼臉,[调皮],😜 👻 🤪
做鬼臉,[调皮],😜 🤪
无聊,[发呆],🥱
发呆,[发呆],
害怕,[发抖],😱 😨 🫣
发抖,[发抖],
怕怕,[发抖],😱 🙀
生气,[发怒],😡 😤 💢
愤怒,[发怒],😡 😤 💢
气愤,[发怒],😡 💢
发怒,[发怒],
生氣,[发怒],😡 💢 😤
你死定了,[发怒],😡
憤怒,[发怒],😡 💢 😤
氣憤,[发怒],😡 💢
发财,[發],
翻白眼,[翻白眼],🙄
福,[福],
尴尬,[尴尬],🥲
来吧,[勾引],
勾引,[勾引],
鼓掌,[鼓掌],👏
掌聲,[鼓掌],👏
害羞,[害羞],🫣 😳
傻笑,[憨笑],😆 🤪
憨笑,[憨笑],
汗,[汗],😅 💦
好的,[好的],👌 🆗
谢谢,[合十],🙏
感谢,[合十],🙏
保佑,[合十],🙏
拜托,[合十],🙏 🥺
许愿,[合十],🙏
恳求,[合十],🙏
合十,[合十],🙏
感謝,[合十],🙏
懇求,[合十],🙏 🥺
拜託,[合十],🙏 🥺
嘿哈,[嘿哈],
红包,[红包],🧧
坏笑,[坏笑],
可以的,[机智],
机智,[机智],
加油,[加油],⛽️ 💪
看戏,[奸笑],
奸笑,[奸笑],
惊恐,[惊恐],😱
惊讶,[惊讶],😮
囧,[囧],😳
咖啡,[咖啡],☕️
热饮,[咖啡],☕️
卡布奇诺,[咖啡],☕️
熱飲,[咖啡],☕️
可怜,[可怜],🥺 🥹
求求你,[可怜],🥺
恐惧,[恐惧],😱
恐怖,[恐惧],😱
恐懼,[恐惧],😱
抠鼻,[抠鼻],
死亡,[骷髅],☠️
骷髅,[骷髅],💀 ☠️
头骨,[骷髅],💀
骷髅头,[骷髅],☠️ 💀
骷髏,[骷髅],💀 ☠️
頭骨,[骷髅],💀
骷髏頭,[骷髅],💀
苦涩,[苦涩],
想哭,[快哭了],🥲 😢
快哭了,[快哭了],
困,[困],🥱
礼物,[礼物],🎁
礼品,[礼物],🎁
礼盒,[礼物],🎁
禮物,[礼物],🎁
禮品,[礼物],🎁
禮盒,[礼物],🎁
脸红,[脸红],😳
羞愧,[脸红],😳
害臊,[脸红],😳
臉紅,[脸红],😳
裂开,[裂开],
哭,[流泪],😭
流泪,[流泪],😭
玫瑰,[玫瑰],🌹
浪漫,[玫瑰],🌹
难过,[难过],🙁 😫 😔
不开心,[难过],☹️
酒,[啤酒],🍺
啤酒,[啤酒],🍺
撇嘴,[撇嘴],😕 🫤
哈哈哈,[破涕为笑],😂
哈哈哈哈,[破涕为笑],😂
大笑,[破涕为笑],🤣
喜极而泣,[破涕为笑],😂 🥲
破涕为笑,[破涕为笑],😂
笑哭,[破涕为笑],😂
笑出眼泪,[破涕为笑],🤣
破涕為笑,[破涕为笑],😂
喜極而泣,[破涕为笑],😂
笑出眼淚,[破涕为笑],😂
强,[强],👍
赞,[强],👍
棒,[强],👍
good,[强],👍
nice,[强],👍
perfect,[强],👍
贊,[强],👍
頂呱呱,[强],👍
敲打,[敲打],
打你,[敲打],
亲亲,[亲亲],😚
庆祝,[庆祝],🎉 🍻 🍾
派对,[庆祝],🎉 🥳
庆典,[庆祝],🎉
撒花,[庆祝],🎉
慶祝,[庆祝],🎉
拉炮,[庆祝],🎉
派對,[庆祝],🎉 🥳
慶典,[庆祝],🎉 🎈
拳头,[拳头],✊ 👊
宣誓,[拳头],✊
让我看看,[让我看看],
弱,[弱],
踩,[弱],👎 🦶
嘲讽,[弱],👎
嘲諷,[弱],👎
色,[色],😍
社会,[社会社会],
社会社会,[社会社会],
口罩,[生病],😷
生病,[生病],😷
胜利,[胜利],✌️
赢了,[胜利],✌️
勝利,[胜利],✌️
贏了,[胜利],✌️
失望,[失望],🙍‍♀️ 🙍‍♂️ 😞
忧虑,[失望],😔
sorry,[失望],😞
猶豫,[失望],😔
不開心,[失望],😔 ☹️
擔憂,[失望],😔 😟
憂慮,[失望],😔
衰,[衰],
倒霉,[衰],😥
睡,[睡],😴
睡觉,[睡],💤
睡覺,[睡],😪 💤
困困,[睡],😪
太阳,[太阳],☀️ 🌞
太陽,[太阳],☀️ 🌞
唉,[叹气],😮‍💨
心累,[叹气],😩
叹气,[叹气],😮‍💨
震惊,[天啊],🤯 😱
惊呆,[天啊],🤯 😱
天啊,[天啊],
天哪,[天啊],
不会吧,[天啊],😲
跳跳,[跳跳],
偷笑,[偷笑],🤭
吐,[吐],🤮
想吐,[吐],🤢
兴奋,[哇],🤩
哇,[哇],
星星眼,[哇],🤩
狗,[旺柴],🐶
狗头,[旺柴],🐶
旺柴,[旺柴],
doge,[旺柴],
微笑,[微笑],🙂
呵呵,[微笑],🙂
委屈,[委屈],😢
纠结,[委屈],😖
友好,[握手],👬
握手,[握手],🤝
冷漠,[无语],😒
无语,[无语],😅
郁闷,[无语],😒
愁眉苦臉,[无语],🥴
鬱悶,[无语],😒
捂脸,[捂脸],🤦‍♂️ 🤦‍♀️
笑脸,[笑脸],😄
心碎,[心碎],💔
嘘,[嘘],🤫
烟花,[烟花],🎇 🎆
烟火,[烟花],🎆 🎇
焰火,[烟花],🎆 🎇
祭典,[烟花],🎇 🎆
煙火,[烟花],🎇 🎆
煙花,[烟花],🎇 🎆
耶,[耶],✌️
疑问,[疑问],🤔
阴险,[阴险],
不怀好意,[阴险],
关心,[拥抱],
安慰,[拥抱],🫂
拥抱,[拥抱],🫂
抱抱,[拥抱],🫂
悠闲,[悠闲],
哼哼,[右哼哼],
可爱,[愉快],😊
可愛,[愉快],😊
晚安,[月亮],😴 💤
晕,[晕],😵‍💫
再见,[再见],👋
拜拜,[再见],👋
炸弹,[炸弹],💣
炸彈,[炸弹],💣
骂人,[咒骂],🤬
咒骂,[咒骂],
皱眉,[皱眉],
猪,[猪头],🐷
小猪,[猪头],🐷
猪头,[猪头],🐷
豬,[猪头],🐷 🐖
麦兜,[猪头],🐷
猪脸,[猪头],🐷
小豬,[猪头],🐷
豬頭,[猪头],🐷
豬臉,[猪头],🐷
抓狂,[抓狂],
转圈,[转圈],
吻,[嘴唇],💋
嘴唇,[嘴唇],👄
亲嘴,[嘴唇],💋 👄 😘
红唇,[嘴唇],👄
唇印,[嘴唇],💋
親嘴,[嘴唇],💋 😘
紅唇,[嘴唇],👄
沧桑,[Emm],
emm,[Emm],
好,[OK],👌 🆗
明白,[OK],🫡 👌
收到,[OK],🫡 👌 🆗
OK,[OK],👌 🆗
love,,❣️ ❤️ 🏩 👨‍❤️‍👨 👨‍❤️‍💋‍👨
POW,,💥
memo,,📝
nose,,🐽 👃
quiet,,😶 🤫 🤐
ice,,🧊
virus,,🦠
SUV,,🚙
city,,🌃 🌆 🌇 🌉 🏙
eating,,🍴 🍽 🥄
meal,,🌭 🌮 🌯 🍔 🍛
bug,,🐛 🐜 🐞 🕷 🦟
cook,,👨‍🍳 👩‍🍳
island,,🏝
map,,🗺 🗾
phone,,☎️ 📞 📱 📲
computer,,👨‍💻 👩‍💻 💻 🖥
TV,,📺
movie,,🎞 🎦 🎫 🎬 📼
winter,,☃️ ⛄️ ❄️ 🌨 🥶
rice,,🍚 🍙 🌾
plane,,✈️ 🛩 🛫 🛬
sew,,🧵
flu,,😷 🤒 🤧
engineer,,👨‍💻 👩‍💻 👷‍♀️
worker,,👨‍⚕️ 👨‍⚖️ 👨‍✈️ 👨‍🌾 👨‍🍳
kid,,🧒 👦 👧 🧒
children,,👶
fire,,🔥 🧯
train,,🚂 🚃 🚄 🚅 🚆
award,,🎖 🏅 🏆 🥇 🥈
coffee,,☕️
tears,,😭
teacher,,👨‍🏫 👩‍🏫
rat,,🐀
cold,,🥶
pear,,🍐
present,,🎁 💝
bell,,🔔 🔕 🛎
hotel,,🏨
horse,,🐎 🐴
100,,💯
rose,,🌹 🥀
brain,,🧠
ox,,🐂
moo,,🐄 🐮
girls,,👧
girl,,🏃‍♀️ 👧 👩 👰 👱‍♀️
women,,👩‍💻 👩‍💼 👩‍🔬 👩‍🦯 👩‍🦰
woman,,⛹️‍♀️ 🏃‍♀️ 🏌️‍♀️ 👩 👩‍⚕️
runner,,🏃‍♀️ 🏃‍♂️ 🏃
apple,,🍎 🍏
money,,💰 💲 💵 💴
strong,,💪
kiss,,💋 😗 😘 😙 😚
clean,,🧼 🧽
ball,,⚽️ ⚾️ ⛳️ 🎱 🎾
dress,,👗 👘 🥻
meat,,🍔 🍖 🍗 🍤 🥓
mountain,,⛰️ 🌁 🌄 🌋 🏔
spark,,⚡️
Christmas,,🎄 🤶 🎅
Christmas,,🎄 🎅
food,,☕️ 🌭 🌮 🌯 🌰
poo,,💩
hands,,🙌
bag,,🎒 👛 👜 👝 💰
tree,,🌲 🌳 🌴 🎄 🎋
fruit,,🍅 🍇 🍈 🍉 🍊
thinking,,🙇‍♀️ 🙇‍♂️ 🤔 💭
dead,,💀 ☠️
lemon,,🍋
lock,,🔏 🔐 🔑 🔒 🔓
sunny,,☀️ 🌞 😎
weather,,☀️ ☁️ ☂️ ☃️ ☄️
angel,,👼 😇
dance,,💃 🕺
stop,,⏹ ✋ 🚏 🛑
tote,,👜
wow,,😲 😳 🤩 😯
omg,,😲 😳 😱 😆
question,,⁉️ ❓ ❔ 🙋‍♀️ 🙋‍♂️
shower,,🚿 🛀 🧼 🧽
laugh,,😂 😆 😹
writing,,✍️ ✏️ ✒️ 📝 🖊
NEW,,🆕
stars,,✨ 🌌 🤩 ⭐️ 🌟
lucky,,🍀
panda,,🐼
student,,👨‍🎓 👩‍🎓
snow,,☃️ ❄️
eyes,,👀
ram,,🐏 🐑
doctor,,👨‍⚕️ 👩‍⚕️ 🥼 🩺 🧑‍⚕️
bank,,🏦 💳 💸
drink,,🥃 🥛 🥤 🧃 🧉
hero,,🦸‍♀️ 🦸‍♂️ 🦸
swim,,🏊‍♀️ 🏊‍♂️ 👙
右邊,,👉
fish,,🐟 🐠 🐡
moon,,🌑 🌒 🌓 🌔 🌕
cloud,,☁️ ⛅️ ⛈️ 🌁 🌤
sports,,⚽️ ⚾️ ⛳️ ⛷ ⛸
camp,,⛺️ 🏕
plant,,☘️ 🌱 🌲 🌳 🌴
paper,,📃 📄 📑 📜 🔖
box,,📦
mouth,,👄
lips,,👄
免费,,🆓
一,,1️⃣
有,,🈶️
中,,🀄️
上,,
上,,⬆️
家,,🏠
可,,🉑
i,,ℹ️
下,,
下,,⬇️
对,,
M,,Ⓜ️
看,,👀
得,,🉐
新,,🆕
月,,🈷️
一个,,☝️
加,,➕
加,,
无,,🈚️
手,,👋
合,,🈴
女,,
三,,3️⃣
车,,🚗
二,,2️⃣
可以,,😌
度,,
比,,🆚
山,,⛰️
没有,,🈚️
爱,,🩷
十,,🔟
表,,⌚️
门,,🚪
花,,🌸 🌹 🌺
书,,📚 📖
中国,,🇨🇳
时间,,⌛️ ⌚️
眼,,👀
线,,🧵
四,,4️⃣
星,,🌟
钱,,💰
五,,5️⃣
指,,🈯️
满,,🈵
空,,🈳
男,,
热,,🥵
除,,
除,,➗
血,,🩸
营,,🈺
听,,👂
火,,🔥
马,,🐎 🐴
药,,💊
笑,,🤣
关注,,➕
朋友,,👭 👬
云,,☁️
NG,,🆖
on,,🔛
安全,,🔐
一点,,🕐
龙,,🐲 🐉
不要,,🫸 🫷
通过,,✅
喜欢,,🩷
象,,🐘
错,,❌
信息,,ℹ️
电话,,☎️
老师,,👨‍🏫 👩‍🏫
学生,,👨‍🎓 👩‍🎓
减,,➖
减,,
医院,,🏥
六,,6️⃣
冷,,🥶
女人,,👩
退,,🤺
八,,8️⃣
牛,,🐂 🐮
脚,,🦶
停,,✋
研究,,🧐
票,,🎫
七,,7️⃣
茶,,🍵
鱼,,🐟
蛋,,🥚
疫情,,😷
酸,,🍋
网络,,🛜
雨,,🌧️ ☔️
学校,,🏫
ET,,👽
烟,,🚬
鸡,,🐔
九,,9️⃣
雪,,❄️
木,,🪵
男人,,👨
树,,🌳 🌴 🌲
幸福,,🥰
不可,,🙅‍♀️ 🙅‍♂️
申,,🈸
美国,,
美国,,🇺🇸
糖,,🍬
右,,
右,,➡️
左,,
左,,⬅️
浪,,🌊
手机,,📱
注意,,⚠️ ‼️
不知道,,🤷‍♀️ 🤷‍♂️
爷,,👴
床,,🛏
家庭,,👪
针,,🪡
骨,,🦴
冰,,🧊
银行,,🏦
累,,😮‍💨
哦,,😯
腿,,🦵
顶,,🆙
多人,,👥
秘,,㊙️
妈妈,,👩
不好,,👎
努力,,💪
完成,,✅
嘴,,👄
肺,,🫁
裤,,👖
ID,,🆔
纸,,📄
零,,0️⃣
耳,,👂
烧,,🔥
汤,,🥣
烦,,😡
派,,
教师,,👨‍🏫 👩‍🏫
桃,,🍑
狼,,🐺
禁,,🈲
左右,,↔️
上面,,👆
汽车,,🚗 🚘
艺术,,🎨
涨,,📈
羊,,🐑
女性,,👩
电影,,🎬
游戏,,🎮
家人,,👪
毕业,,🎓 👨‍🎓 👩‍🎓
祝,,㊗️
正确,,✅ 🙆‍♀️ 🙆‍♂️
盐,,🧂
乘,,
乘,,✖️
儿童,,🧒
晚上,,🌃
眼睛,,👀
欢迎,,👏
工资,,💰
老人,,👵 👴
辣,,🌶
鼓,,🥁
鞋,,👟
爱情,,💓 💑
日本,,
日本,,🇯🇵
说话,,💬
ab,,🆎
鼻,,👃
儿子,,👦
病毒,,🦠
母亲,,👩
医生,,👨‍⚕️ 👩‍⚕️ 🥼
虫,,🐛
女孩,,👧
父亲,,👨
窗,,🪟
下面,,👇
虎,,🐯
查询,,🔍
感染,,😷
酒店,,🏨
衣服,,👔 👗
女儿,,👧
怒,,💢
姜,,🫚
猫,,🐱 🐈
洞,,🕳
确定,,✅ ☑️
爸爸,,👨
不错,,😌
轻松,,😉
宝宝,,👶
锁,,🔒
电视,,📺
自由,,🆓
船,,🚢
音乐,,🎵
结束,,🔚
跌,,📉
滚,,😡
记录,,📝
上方,,🔝
开心,,😆 ☺️
客服,,💁‍♀️ 💁‍♂️
虾,,🦐
植物,,🌳
实验,,🧪
hat,,⛑ 🎓 🎩 👒 🧢
阳光,,☀️
车辆,,🚗
版权,,©️
成本,,💰
结婚,,👰 ⛪️
房子,,🏠
鸟,,🐦‍⬛
上班,,💼
end,,🔚
碗,,🥣
数字,,🔢
观察,,👀
维修,,🧰
担心,,😓
施工,,🚧
睡眠,,💤
地球,,🌍
乏,,😔
消防,,🧯
鸡蛋,,🥚
外卖,,🥡
ok,,🆗 👌 👍 ✅
信号,,📶
思考,,🤔 💭
比赛,,🆚
注册,,®️
舒服,,😌
one,,1️⃣ ☝️
夫妻,,👫
温度,,
消失,,🫠 🫥
pi,,
PI,,🕵️‍♀️ 🕵️‍♂️ 🕵️
鹿,,🫎
熊,,🐻
公里,,
雾,,🌫️
香港,,🇭🇰
错误,,❎ 🙅‍♀️ 🙅‍♂️
女士,,🚺
饼,,🫓
危险,,⚠️
清洁,,🧹
小孩,,🧒
鼠,,🐭
上下,,↕️
不行,,🙅‍♀️ 🙅‍♂️ ✋
营业,,🈺
CL,,🆑
爷爷,,👴
兔,,🐰
痛苦,,😖 😣
不说,,🙊
农民,,👨‍🌾 👩‍🌾
下载,,⏬
ear,,👂
资讯,,ℹ️
拒绝,,🫸 🫷
姐姐,,🧍‍♀️
蒜,,🧄
合格,,🈴
身份证,,🆔 🪪
奋斗,,💪
公交,,🚌
美元,,
美元,,💵
英国,,🇬🇧
奶奶,,👵
唇,,👄
art,,🖼
循环,,♻️ 🔄
旅行,,✈️ 🧳
警察,,👮‍♀️ 👮‍♂️ 🚔
圣诞,,🎄 🎅 🤶
苹果,,🍎 
你好,,👋
化学,,🧪
美容,,💆‍♀️ 💆‍♂️
限制,,🚫
电脑,,💻
想法,,💡
想象,,💭
细菌,,🦠
开启,,🔛
spa,,🧖‍♀️ 🧖‍♂️
紧张,,😰
等待,,⌛️
ant,,🐜
地铁,,🚇
兄弟,,👬
年轻人,,👱‍♀️ 👱
同意,,🙆‍♀️ 🙆‍♂️ ✅
男孩,,👦
蛇,,🐍
桶,,🪣
平方,,
一百,,💯
好吃,,😋
烦恼,,😣
热情,,❤️‍🔥
详情,,🔎
割,,🈹
链接,,🔗
勾,,✅
高兴,,😄 😊
蔬菜,,🥬
心脏,,🫀
德国,,
德国,,🇩🇪
ill,,🤒 😷 🤧
man,,🏃‍♂️ 👨 👨‍⚕️ 👨‍⚖️ 👨‍✈️
打电话,,📲
叉,,❌
盯,,👀
圣诞节,,🎄 🎅
肌肉,,💪
行星,,🪐
民警,,👮‍♀️ 👮
火锅,,🍲
机场,,✈️
摄影,,📹
chi,,
秘密,,㊙️
牙齿,,🦷
军人,,🪖
允许,,✅
葡萄,,🍇
鹅,,🪿
昏,,😵‍💫
信用卡,,💳
韩国,,
韩国,,🇰🇷
印度,,🇮🇳
哥哥,,🧍‍♂️
辛苦,,💦
放松,,😌
按摩,,💆‍♀️ 💆‍♂️
口臭,,😷
停车,,🅿️
拍摄,,🎬
对比,,🆚
猴,,🐒 🐵
法国,,
法国,,🇫🇷
餐厅,,🍴
男性,,🚹
飞机,,✈️
禁止,,🈲 🚫
工人,,👷‍♀️ 👷‍♂️
蒙古,,🇲🇳
环保,,♻️
菇,,🍄
中华人民共和国,,🇨🇳
可怕,,😨 😱
大脑,,🧠
放下,,🫳
机械,,⚙️
人民币,,
戳,,👉
铁路,,🛤
工厂,,🏭
成人,,🧑 🔞
无限,,♾️
向上,,⬆️
随便,,🫤
危害,,⚠️
梨,,🍐
美术,,🎨
利润,,💰
辣椒,,🌶
发票,,🧾
停止,,🛑 🤚
砖,,🧱
皂,,🧼
牛奶,,🥛
热水,,♨️
一点点,,🤏
伞,,☂️ 🌂
家具,,🪑
妹妹,,🧍‍♀️
感冒,,🤧 😷
粥,,🥣
俄罗斯,,🇷🇺
点赞,,👍
邮箱,,📮
虹,,🌈
金额,,💰
航空,,✈️
怀疑,,🤨
都市,,🌆
行人,,🚶‍♀️ 🚶‍♂️
火车,,🚄 🚂
感动,,🥹
扇,,🪭
传染,,😷
玉米,,🌽
喝酒,,🍺
冠军,,🏆 🥇
瑜伽,,🧘‍♀️ 🧘‍♂️
搜索,,🔍
梳,,🪮
金钱,,💰
中药,,🌿
物理,,⚛️
阿姨,,🧍‍♀️
狐,,🦊
好奇,,😯
车上,,🚌
安静,,🤫
CD,,💿
cd,,💽 💿 📀
跪,,🧎‍♀️ 🧎‍♂️
基因,,🧬
砍,,🪓
薯,,🍠
海鲜,,🦞
百分,,
捏,,🤏
广播,,📢
电梯,,🛗
盯着,,👀
充电,,🔋
门票,,🎫
厘米,,
高铁,,🚄
等于,,
平方米,,
姐妹,,👭
弟弟,,🧍‍♂️
鹰,,🦅
附件,,📎
鼻子,,👃
疲劳,,🥱
证件,,🪪
眼泪,,💧
奇怪,,🤔
平静,,😐
卫生间,,🚻 🚾
反对,,🫸 🫷
土豆,,🥔
电池,,🔋
命中,,🎯
怀孕,,🤰 🫃
公主,,👸
游泳,,🏊‍♀️ 🏊‍♂️
好运,,🍀
厕所,,🚻 🚾
受伤,,🤕
老太太,,👵
耳朵,,👂
往下,,⬇️
清除,,🆑
脚步,,👣
别墅,,🏡
回收,,♻️
报警,,🚔
狮子,,🦁
不信,,🤨
自行车,,🚲
龙虾,,🦞
沙发,,🛋
笔记,,📒
牛仔,,🤠
科学家,,👨‍🔬 👩‍🔬
爆炸,,💥
top,,🔝
胡萝卜,,🥕
踢,,🦶
温泉,,♨️
拍照,,📷
发言,,💬
骆驼,,🐫
包裹,,📦
走路,,🚶‍♀️ 🚶
橘,,🍊
亚洲,,🌏
处女座,,♍️
心动,,💓 💗
洗澡,,🛀
情侣,,👫
石头,,🪨 ✊
花生,,🥜
实验室,,🧪
钩,,🪝
燃烧,,🔥
摇头,,🫨
西瓜,,🍉
激情,,❤️‍🔥
婴儿,,👶
闺蜜,,👭
听见,,👂
婚礼,,💒
眼镜,,👓
驴,,🫏
意大利,,🇮🇹
没办法,,🤷‍♀️ 🤷‍♂️ 👐
内衣,,👙
面包,,🍞
VS,,🆚
VS,,🆚
隐藏,,🫥
着急,,😣
法师,,🧙‍♂️ 🧙‍♀️
橄榄,,🫒
伤心,,❤️‍🩹
机器人,,🤖
脑子,,🧠
注意事项,,📋
饮料,,🥤
中秋,,🎑
car,,🚍 🚔 🚕 🚖 🚗
屏幕,,🖥
出血,,🩸
星星,,✨ ⭐️ 🌟
度假,,⛱
严肃,,😠
轿车,,🚘
白发,,👩‍🦳 👨‍🦳
凌晨,,🕛
返回,,🔙
king,,👑 🤴
嘴巴,,👄
凭证,,🧾
足球,,⚽️
蛙,,🐸
清单,,🧾
鲜花,,💐
难受,,😣
泰国,,🇹🇭
傍晚,,🌆
ring,,💍
pen,,✒️ 🔏 🖋
pho,,🍜 🍲
蜡,,🕯
柠檬,,🍋
货物,,📦
书籍,,📚
龙头,,🐲
诱惑,,🫦
公斤,,
平米,,
孕妇,,🤰
泡沫,,🫧
车子,,🚗 🚘
士兵,,🪖
商标,,™️
叔叔,,🧍‍♂️
加拿大,,🇨🇦
加拿大,,
飞行,,✈️
大于,,
饺子,,🥟
影院,,🎦
连衣裙,,👗
手臂,,💪
头脑,,🧠
老头,,👴
钥匙,,🔑
小龙虾,,🦞
心跳,,💓 💗
摩托,,🏍
1234,,🔢
绘画,,🎨
对抗,,🆚
月亮,,🌙
吸烟,,🚬
篮球,,🏀
钱包,,👛
阴阳,,☯️
龟,,🐢
外套,,🧥
下跌,,📉
用餐,,🍴
大夫,,👩‍⚕️ 👨‍⚕️ 🥼
上传,,⏫
梵蒂冈,,🇻🇦
pin,,📌 📍 🧷
白菜,,🥬
公交车,,🚌
恶心,,🤢 🤮
卫星,,🛰
搞笑,,🤪
cat,,🐈 🐱 😸 😹 😺
生姜,,🫚
伸手,,🫳
白酒,,🍶
奶茶,,🧋
钢琴,,🎹
高速公路,,🛣
内裤,,🩲
道歉,,🧎‍♀️ 🧎‍♂️
天使,,🪽
WiFi,,🛜
sea,,🌊
裤子,,👖
草药,,🌿
疲惫,,😫
联合国,,🇺🇳
麻将,,🀄️
听着,,👂
西装,,🤵
疑惑,,🤨
叶子,,🍃
嘲笑,,🤭
头晕,,😵‍💫
栗,,🌰
书写,,✍️
無,,🈚️
伊朗,,
伊朗,,🇮🇷
澳门,,🇲🇴
衬衫,,👔
下一个,,▶️
亏损,,💸
番茄,,🍅
开花,,🌼
冰冷,,🥶
尊敬,,🫡
货车,,🚚
满分,,💯
永恒,,♾️
想吃,,😋
看不见,,🙈
米饭,,🍚
标签,,🏷
注射,,💉
唱歌,,🎤
下雨,,🌧️ ☔️
服务员,,💁‍♀️ 💁‍♂️
警告,,⚠️ ‼️ ❗️
地主,,👲
NBA,,🏀
大蒜,,🧄
新建,,🆕
一個,,☝️
跑步,,🏃‍♀️ 🏃‍♂️
越南,,🇻🇳
摩托车,,🏍
沙漠,,🏜
近视,,👓
裙子,,👗
牛仔裤,,👖
暂停,,⏸
写字,,✍️
伴侣,,🧑‍❤️‍💋‍🧑
打的,,🚖
work,,⛑ 💼 🕵️‍♀️ 🕵️‍♂️
鼻炎,,👃
花朵,,🌺
日出,,🌅
不能说,,🙊
不看,,🙈
艺术家,,👨‍🎨 👩‍🎨
air,,♈️ ✈️ 💺 🚀 🚁
冷笑,,😏
旅客,,🧳
王子,,🤴
行李,,🧳
骨头,,🦴
大腿,,🦵
搞定,,🤝
夫妇,,👫
无穷,,♾️
导航,,🧭
boo,,👻 😒
筷子,,🥢
上一个,,◀️
公正,,⚖️
流感,,😷
WC,,🚽 🚾
WC,,🚾
邮件,,📧
熊猫,,🐼
烹饪,,🍳
饭店,,🏨
女装,,👚
帽子,,🎩
UK,,🇬🇧
马桶,,🚽
urn,,⚱️
Zs,,💤 😴 🥱
不允许,,❎
老鼠,,🐀
外公,,👴
和服,,👘
海关,,🛃
狗狗,,🐶
西班牙,,
西班牙,,🇪🇸
小丑,,🤡 🃏
黄瓜,,🥒
辐射,,☢️
珠宝,,💎
泡泡,,🫧
喝茶,,🍵
轮胎,,🛞
上衣,,👕
靴,,👢
澳大利亚,,
澳大利亚,,🇦🇺
抽烟,,🚬
南瓜,,🎃
蝴蝶,,🦋
暴雨,,⛈️
不听,,🙉
贝尔,,
列车,,🚄
路人,,🚶‍♀️ 🚶
医护人员,,👩‍⚕️ 👨‍⚕️
打车,,🚗
破产,,💸
压缩,,🗜
USA,,🇺🇸
迷茫,,🫥
和尚,,👨‍🦲
右下,,↘️
红薯,,🍠
香蕉,,🍌
fir,,🌲
天秤,,⚖️
出租车,,🚕 🚖
新加坡,,🇸🇬
钻石,,💎
高跟,,👠
bee,,🐝
座位,,💺
彗星,,☄️ 🌠
双人,,👥
梅花,,♣️
红旗,,🚩
航班,,✈️
捧着,,🤲
ILY,,🤟 😽 😍
风筝,,🪁
法官,,👩‍⚖️ 👨‍⚖️
朝鲜,,🇰🇵
银河,,🌌
接电话,,📲
按钮,,🔘
百分之,,
毫米,,
太极,,☯️
大衣,,🧥
火热,,🔥
致敬,,🫡
口红,,💄
蚝,,🦪
莲花,,🪷
调料,,🧂
向下,,⬇️
手掌,,✋ 🖐
座椅,,🪑
門,,🚪
恋人,,💑
水瓶座,,♒️
长辈,,👴
颤抖,,🫨
跳舞,,💃 🕺
天蝎座,,♏️
恭喜,,🎉
担忧,,😔
汗水,,💦
聆听,,👂
宾馆,,🏨
肺部,,🫁
樱花,,🌸
翅膀,,🪽
嘿嘿,,😊
右上,,↗️
蚂蚁,,🐜
狮子座,,♌️
hot,,🥵
iPhone,,📲 📱
伪装,,🥸
发烧,,🤒
草莓,,🍓
洋葱,,🧅
文书,,📃
拇指,,👍
困惑,,😕
sing,,🎤 🎶 🎵
歌手,,👩‍🎤 👨‍🎤
不解,,🤔
小于,,
好朋友,,👭
sun,,☀️ 🌄 🌅 🌇 🌞
老虎,,🐯
呕吐,,🤮
喜歡,,😍
abc,,🔤
逃跑,,💨
星球,,🪐
圆形,,⭕️
摄像,,📹
tent,,⛺️ 🏕
欧盟,,🇪🇺
樹,,🌴 🌲
名片,,📇
手套,,🧤
微生物,,🧫
警示,,⚠️
芒果,,🥭
金牛座,,♉️
三点,,🕒
为难,,😅
第一名,,🥇
不屑,,😕  🫤
舌头,,👅
高山,,⛰️
mic,,🎙 🎤
葡萄酒,,🍷
彩虹,,🌈
沒有,,🈚️
倾听,,👂
后退,,🔙
散步,,🚶‍♀️ 🚶
摩羯座,,♑️
高跟鞋,,👠
elf,,🧝‍♀️ 🧝‍♂️ 🧝
小王,,🃏
土星,,🪐
China,,🇨🇳
白羊座,,♈️
电源,,🔌
CTO,,👨‍💻 👩‍💻 👨‍💻
双鱼座,,♓️
荷兰,,
荷兰,,🇳🇱
戒指,,💍
book,,📒 📓 📔 📕 📖
金牌,,🥇
停车场,,🅿️
男士,,🚹
射手座,,♐️
帅哥,,🤵‍♂️
骨骼,,🦴
终点,,🏁
炎热,,🥵
火箭,,🚀
牛排,,🥩
天鹅,,🦢
灭火,,🧯
赌博,,🎲
手表,,⌚️
相机,,📷
针织,,🧶
无线,,🛜
西红柿,,🍅
奔跑,,🏃‍♀️ 🏃‍♂️
魔法,,🧙‍♀️ 🧙‍♂️ 🪄
雨天,,☔️
hand,,☝️ ✊ ✋ ✌️ ✍️
巨蟹座,,♋️
茄子,,🍆
鲸,,🐳
椅子,,🪑
毫升,,
双子座,,♊️
救命,,🆘
巧克力,,🍫
斧,,🪓
点燃,,🔥
吸引力,,🧲
star,,*️⃣ ✨ ✴️ ⭐️ 🌟
千米,,
精灵,,🧚‍♀️ 🧚‍♂️
雨水,,☔️
理发,,💇‍♀️ 💇‍♂️
希腊,,🇬🇷
报纸,,📰
杀手,,🥷
红酒,,🍷
港口,,⚓️
红豆,,🫘
两点,,🕑
ape,,🦍 🦧
厨师,,👨‍🍳 👩‍🍳
月球,,🌕
树枝,,🌿
看病,,🏥
沙滩,,🏖
看电影,,🎦
星空,,🌌
mean,,😢 😪 😭
面条,,🍜
开锁,,🔓
打扫,,🧹
外婆,,👵
饼干,,🍪
灵感,,💡
雪花,,❄️
天秤座,,♎️
驾车,,🚗
加油站,,⛽️
雪山,,🏔
碎片,,🧩
台风,,🌀
蘑菇,,🍄
食盐,,🧂
以色列,,🇮🇱
旗帜,,🚩
计时,,⌛️
没问题,,🆗 👌
夕阳,,🌇
back,,🔙
火焰,,🔥
大佬,,🧍‍♂️
茶杯,,🍵
eye,,👀 👁
照明,,🔦
月饼,,🥮
录制,,⏺
退回,,🔙
world,,🌍 🌎 🌏
进化,,🧬
左下,,↙️
羽毛,,🪶
小声,,🤫
lab,,🧪 🧫 🥼
光头,,👨‍🦲 👩‍🦲
钓鱼,,🎣
兔子,,🐰
多云,,⛅️
表扬,,👍
名表,,⌚️
团圆,,👪
闪电,,⚡️
宝石,,💎
西兰花,,🥦
呃,,😅
念佛,,🙏
立方,,
单车,,🚲
垂直,,
玩偶,,🧸
sign,,#️⃣ *️⃣ 0️⃣ 1️⃣ 2️⃣
徒步,,🥾
荷花,,🪷
点心,,🥧
哺乳,,🤱 👨‍🍼
涨停,,📈
城堡,,🏰
燃料,,⛽️
外汇,,💱
演奏,,🪗
芝士,,🧀
蚊子,,🦟
胶囊,,💊
海水,,🌊
十点,,🕙
heart,,♥️ ❣️ ❤️ 🏩 👨‍❤️‍👨
light,,🏮 💡 🔦 🚨
单人,,👤
個人,,👤
庭院,,🏡
称赞,,👍
馬,,🐎 🐴
融化,,🫠
喇叭,,📢 📣
锁定,,🔒
纸巾,,🧻
猫咪,,🐱 🐈
袜子,,🧦
解锁,,🔓
run,,🏃‍♀️ 🏃‍♂️ 🏃
狂欢,,🎉
挥手,,👋
老伴,,👵
职员,,👩‍💼 👨‍💼
孵化,,🐣
置顶,,🔝
旋律,,🎶
toy,,🧸 🪀 🪁
录像,,📹
强壮,,💪
苦恼,,😖 ☹️
ATM,,🏧
ATM,,🏧
sad,,☹️ 😔 😕 😞 😟
火山,,🌋
拖鞋,,🩴
崇拜,,🤩
选中,,☑️
丸子,,🍡
瓶子,,🫙
首饰,,💍
巴西,,
巴西,,🇧🇷
绿茶,,🍵
狐狸,,🦊
tag,,🏷 🔖
阿弥陀佛,,🙏
牙刷,,🪥
青椒,,🫑
新娘,,👰
哭泣,,😭
樱桃,,🍒
hats,,🎩 👒 🧢
大巴,,🚌
左边,,👈
玩游戏,,🎮
右边,,👉
果汁,,🧃
牵手,,👫 👬 👭
橘子,,🍊
新西兰,,🇳🇿
news,,📰 🗞
滑雪,,🏂 ⛷ 🎿
树叶,,🍂
芙蓉,,🌺
修理,,🔧
马拉松,,🏃‍♀️ 🏃
七夕,,🎋
落叶,,🍂 🍃
叶片,,🍃
甜品,,🍮
生物学,,🧬
冷汗,,😓 😅
done,,✅ ✔️ ☑️
浴室,,🛀
陷阱,,🪤
眨眼,,😉
关机,,📴
星光,,🌟
key,,🔑 🗝 🔐
leg,,🦵 🦿
状元,,🥇
dna,,🧬
苦笑,,🥲
安抚,,🫂
cap,,🧢
废弃,,⚠️
笔记本,,📓 💻
小树,,🌲
happy,,☺️ 😀 😁 😂 😃
bat,,🦇
土耳其,,🇹🇷
沙拉,,🥗
车轮,,🛞
乌克兰,,🇺🇦
鸡腿,,🍗
克拉,,💍
大象,,🐘
瑞士,,🇨🇭
瑞士,,
小马,,🐎
home,,🏚 🏠 🏡
house,,🏘 🏚 🏠 🏡
猴子,,🐒 🐵
bus,,🚌 🚍 🚎 🚐
逃离,,💨
掌声,,👏
硬币,,🪙
school,,🏫
排便,,💩
魔鬼,,👹
耳机,,🎧
书包,,🎒
小狗,,🐶
纯洁,,😇
中秋节,,🎑
糖果,,🍬
王牌,,🃏
新郎,,🤵
消防员,,👨‍🚒 👩‍🚒
面具,,🎭
水产,,🦐
雲,,☁️
短裤,,🩳
聽,,👂
蜘蛛,,🕷
八点,,🕗
黑夜,,🌌
教堂,,⛪️
喷嚏,,🤧
绵羊,,🐑
岩石,,🪨
晴天,,☀️
五点,,🕔
坚果,,🌰
蜜蜂,,🐝
埃及,,🇪🇬
登山,,🧗‍♀️ 🧗‍♂️
惊叹,,❗️ ‼️
垃圾桶,,🗑
喔,,😯
不爽,,😕 😡
盘子,,🥘
小鸟,,🐦
欧元,,💶
欧元,,
照相,,📷
书本,,📖 📚
祝贺,,🥳
theta,,
掉发,,🦲
震动,,📳
烘焙,,🥯
菠萝,,🍍
吉他,,🎸
食指,,☝️
背心,,🎽
冰块,,🧊
电影院,,🎦
child,,🧒 🧒
餐具,,🍴
python,,🐍
羊毛,,🦙
变异,,🧬
串串,,🍢
波兰,,
波兰,,🇵🇱
婚纱,,👰
四点,,🕓
头盔,,🪖
水滴,,💧
缅甸,,🇲🇲
心酸,,😔
恐龙,,🦕 🦖
車,,🚗 🚘
打针,,💉
娘子,,👰
脚底,,🦶
海绵,,🧽
举手,,🙋‍♀️ 🙋‍♂️
祈祷,,🙏
生菜,,🥬
美金,,💲
黄昏,,🌆 🌇
螃蟹,,🦀
气球,,🎈
相声,,🎭
水稻,,🌾
不高兴,,😠 😤
车厢,,🚋
呜呜,,🥹
乐队,,🎸
RIP,,💀 🪦
菜花,,🥦
忍耐,,😣
银河系,,🌌
巴士,,🚌
粪便,,💩
西餐,,🍴
技工,,👨‍🔧 👩‍🔧
链条,,⛓
马来西亚,,🇲🇾
箱子,,📦
箭头,,➡️
长者,,🧓
nap,,💤 😴
彩礼,,🧧
三分之一,,
青蛙,,🐸
九点,,🕘
无辜,,🥺
焦急,,😰
发芽,,🌱
无视,,😑
冥想,,🧘‍♀️ 🧘‍♂️
车队,,🚗
修剪,,✂️
冰淇淋,,🍦 🍨
诧异,,😯
怒气,,😡
小车,,🚗
亲吻,,😚 😗
六点,,🕕
祖父,,👴
菲律宾,,🇵🇭
美甲,,💅
盆栽,,🪴
ship,,⛴️ 🚢 🛳
捷克,,🇨🇿
汤匙,,🥄
汉堡,,🍔
消防车,,🚒
投降,,🏳️
眼花,,😵‍💫
灯笼,,🏮
椰子,,🥥
三轮车,,🛺
国航,,✈️
青菜,,🥬
认错,,🧎‍♀️ 🧎‍♂️
Oman,,🇴🇲
怪物,,👹
风衣,,🧥
日落,,🌄
leo,,♌️
雨伞,,☂️ 🌂
鸽子,,🐦 🕊
乒乓球,,🏓
自拍,,🤳
着火,,🔥
体操,,🤸‍♀️ 🤸‍♂️
剪刀,,✂️
gene,,🧬
phi,,
虫子,,🐛
望远镜,,🔭
千克,,
电量,,🔋
boy,,🏃‍♂️ 👦 💆‍♂️ 💇‍♂️ 🙅‍♂️
僵尸,,🧟‍♀️ 🧟‍♂️
月季,,🌹
帐篷,,⛺️
图表,,📊
足迹,,👣
警官,,👮‍♂️ 👮
公顷,,
绿叶,,🍃
颠倒,,🙃
沉思,,💭
黄油,,🧈
刺绣,,🪡
胡子,,🧔
云端,,☁️
礼服,,🤵
摇晃,,🫨
气泡,,🫧
起飞,,🛫
饭碗,,🥣
酒杯,,🍷 🍸 🍺
高尔夫,,🏌️‍♀️ 🏌️‍♂️ ⛳️
叙利亚,,🇸🇾
不如意,,😔
智能手机,,📱
鸭子,,🦆
孔雀,,🦚
祈福,,🎋
减速,,⏪
美洲,,🌎
基督教,,✝️
超人,,🦸‍♀️ 🦸‍♂️
黄脸,,🌝
疲倦,,🥱
橙子,,🍊
羽毛球,,🏸
七点,,🕖
珊瑚,,🪸
跪下,,🧎‍♀️ 🧎‍♂️
蜜桃,,🍑
巴基斯坦,,🇵🇰
的士,,🚕 🚖
流血,,🩸
画笔,,🖌
记账,,🧾
桃子,,🍑
坐车,,🚗
鲤鱼,,🐟
贝壳,,🐚
寿司,,🍣
云朵,,☁️
背包,,🎒
救护车,,🚑
山脉,,⛰️
锚,,⚓️
小猫,,🐱
耳聋,,🧏‍♀️ 🧏‍♂️
流星,,🌠
沉睡,,💤
小熊,,🧸
薪水,,💰
不等于,,
日历,,🗓
拳击,,🥊
小屋,,🛖
猕猴桃,,🥝
加密,,🔐
bed,,🛌 🛏
卡车,,🚛
毫克,,
注视,,👀
报刊,,📰
键盘,,⌨️ 🎹
gas,,⛽️
蟑螂,,🪳
银子,,💰
蜡烛,,🕯
光环,,😇
海地,,🇭🇹
owl,,🦉
洗手间,,🚻 🚾
吃惊,,😲
hiss,,🐍
青龙,,🐉
波浪,,🌊
沮丧,,🙍‍♀️ 🙍‍♂️
棺材,,⚰️
喝醉,,🥴
轮椅,,🦼
忏悔,,🧎‍♀️ 🧎‍♂️
怪兽,,👾
花菜,,🥦
直升机,,🚁
阵雨,,🌦️
FREE,,🆓
小鸡,,🐣 🐤
运动鞋,,👟
苍蝇,,🪰
梅西,,
扫地,,🧹
脚印,,👣
铅笔,,✏️
small,,▪️ ▫️ ◽️ ◾️ 🔸
大虾,,🍤
滿,,🈵
衣裳,,🥻
加减,,
启用,,🔛
悲痛,,😢
皮鞋,,👞
写信,,✉️
雾霾,,🌫️
出海,,🚢
团聚,,👪
蜗牛,,🐌
企鹅,,🐧
木头,,🪵
鸡毛,,🪶
卫士,,💂
斑马,,🦓
农夫,,👨‍🌾
肥皂,,🧼
夜色,,🌃
color,,🖍
电视机,,📺
便利店,,🏪
木材,,🪵
伊拉克,,🇮🇶
鱿鱼,,🦑
开方,,
芭蕾,,🩰
邪恶,,😈
公牛,,🐂
敲打,,🔨
恶魔,,👿
飞行员,,👨‍✈️ 👩‍✈️
阿富汗,,🇦🇫
阿根廷,,🇦🇷
阿根廷,,
哈萨克,,🇰🇿
祖母,,👵
打牌,,🃏
龙王,,🐲
日元,,💴
松鼠,,🐿
安检,,🛂
潜水,,🤿
慕斯,,🍰
骰子,,🎲
立方米,,
着迷,,😍 😻
偷看,,🫣
南非,,🇿🇦
water,,♋️ ♒️ ♓️ 🌊 🏖
披萨,,🍕
印尼,,🇮🇩
难堪,,😅
墨西哥,,🇲🇽
墨西哥,,
墨镜,,🕶
拿捏,,🤌 🤏
cop,,👮‍♀️ 👮‍♂️
笔录,,📝
围巾,,🧣
旅馆,,🏨
饮用水,,🚰
快餐,,🍱
赛车,,🏎 🏁
百米,,
勺子,,🥄
生蚝,,🦪
我倒,,🙃
国宝,,🐼
sky,,✨ ⭐️ 🌃 🌄 🌅
gem,,💎
美酒,,🍷
皮卡,,🛻
凉鞋,,👡 🩴
虾仁,,🍤
求救,,🆘
水龙头,,🚰
来信,,📨
幼犬,,🐶
放映,,🎥
赌场,,🎰
龍,,🐲 🐉
第二名,,🥈
面无表情,,😑
鼻梁,,👃
侦探,,🕵️‍♀️ 🕵️‍♂️
打游戏,,🎮
瑞典,,🇸🇪
向左,,👈 ⬅️
比心,,🫶 🫰
危急,,‼️
一家三口,,👨‍👩‍👦 👨‍👩‍👧
洋房,,🏡
十二点,,🕛
卷发,,🦱
厌倦,,😩
ebi,,🍣
利是,,🧧
闪亮,,✨
女工,,👩‍🏭
防晒霜,,🧴
面包车,,🚐
豌豆,,🫛
夺冠,,🏆
英格兰,,
英格兰,,🏴󠁧󠁢󠁥󠁮󠁧󠁿
灯泡,,💡
蝙蝠,,🦇
弹出,,⏏️
射击,,🔫
清零,,🆑
灭火器,,🧯
行李箱,,🧳
sleep,,💤 😴 🛌
点火,,🔥
海滨,,🏖
化验,,🧪
白兔,,🐰
下雪,,❄️
打球,,🏀
柬埔寨,,🇰🇭
失恋,,💔
摄氏度,,
接吻,,💋 💏
老奶奶,,👵
阴天,,☁️
钞票,,💵
皇冠,,👑
网球,,🎾
丹麦,,
丹麦,,🇩🇰
新月,,🌙
栗子,,🌰
向右,,👉 ➡️
便当,,🍱
低落,,😞
外带,,🥡
千瓦,,
萨克斯,,🎷
试管,,🧪
牛油果,,🥑
乌鸦,,🐦‍⬛
螺丝,,🔩
肉丸,,🍡
sos,,🆘
SOS,,🆘
夜景,,🌉
頂,,🆙
中暑,,🥵
小提琴,,🎻
zzz,,💤 😴
zzz,,💤 😴
传真,,📠
山羊,,🐐
dog,,🐕 🐕‍🦺 🐩 🦮 🐶
绚烂,,🎆
冷饮,,🍹
升降,,🛗
拍手,,👏
说谎,,🤥
降落,,🛬
全等,,
纸箱,,📦
俄国,,🇷🇺
篮子,,🧺
露营,,⛺️ 🏕
培根,,🥓
坟墓,,🪦
锤子,,🔨
鼠标,,🖱
一见钟情,,💘
science,,🔬 🔭 🧪 🧫 🧬
金发,,👱‍♀️ 👱‍♂️
鞠躬,,🙇‍♀️ 🙇‍♂️
山峰,,⛰️ 🗻
汪汪,,🐶
办公楼,,🏢
tau,,
store,,🏬
男篮,,🏀
奶酪,,🧀
罐头,,🥫
破财,,💸
站台,,🚉
雪梨,,🍐
乌龟,,🐢
公鸡,,🐓
工业区,,🏭
mage,,🧙‍♀️ 🧙‍♂️ 🧙
鲫鱼,,🐟
小号,,🎺
rho,,
party,,🎁 🎉 🎊 🥳 🎈
体育场,,🏟
營,,🈺
淋浴,,🚿
甜点,,🍮
流口水,,🤤
pie,,🥧
鳄鱼,,🐊
捕鱼,,🐟
本子,,📒
光盘,,💿
零钱,,🪙
鲨鱼,,🦈
警车,,🚓 🚔
枫叶,,🍁
淡漠,,😐
空降,,🪂
亚军,,🥈
红叶,,🍁
青筋,,💢
嗤笑,,😏
打印机,,🖨
电子邮件,,📧
比利时,,
比利时,,🇧🇪
致谢,,🙏
信封,,✉️
海浪,,🌊
天平,,⚖️
小强,,🪳
话筒,,🎤 🎙
多谢,,🙏
长裤,,👖
迪奥,,
满月,,🌕
失明,,👨‍🦯 👩‍🦯
盆景,,🪴
圈圈,,⭕️
斯里兰卡,,🇱🇰
拉面,,🍜
墓地,,🪦
咖喱,,🍛
占卜,,🔮
显微镜,,🔬
下跪,,🧎‍♀️ 🧎‍♂️
葡萄牙,,
葡萄牙,,🇵🇹
爱尔兰,,🇮🇪
电车,,🚎
唔,,🤔
嫁人,,👰
pita,,🥙
泡面,,🍜
錢,,💰
蔷薇,,🌹
soon,,🔜
小船,,🛶
page,,📃 📄 📑 📜
nut,,🌰 🔩 🥜
赞成,,✅
海豚,,🐬
煲汤,,🍲
瞪眼,,👀
LOL,,😂 🤣
LOL,,😂 🤣
repeat,,🔁 🔂
跆拳道,,🥋
米线,,🍜
鹦鹉,,🦜
柑橘,,🍊
向日葵,,🌻
邮轮,,🚢
表盘,,⌚️
第三名,,🥉
忍者,,🥷
鼻孔,,👃
浪花,,🌊
英镑,,💷
英镑,,
好难,,🤯
乌云,,☁️
拐杖,,🩼
讯息,,✉️
记事,,📝
浮云,,☁️
音符,,🎵 🎶
马里,,🇲🇱
葵花,,🌻
红绿灯,,🚥 🚦
信箱,,📪 📫
闹钟,,⏰
妖怪,,👺 👻
猪猪,,🐷
酒馆,,🏮
smile,,😊 😃 😀
十一点,,🕚
music,,🎤 🎧 🎵 🎶 🎷
door,,🚪
国足,,⚽️
漩涡,,🌀
開花,,🌼
恼怒,,😤
左上,,↖️
烈火,,🔥
快进,,⏩
越野车,,🚙
香草,,🌿
挪威,,🇳🇴
肉串,,🍖
赛跑,,🏃 🏃‍♀️
外星人,,👽
情书,,💌
泡澡,,🛀
隐秘,,🔏
闭眼,,😌
乳液,,🧴
方块,,♦️
大牛,,🐮
台球,,🎱
木屋,,🏡
饮茶,,🫖
敬礼,,🫡
馅饼,,🥧
游乐场,,🎠 🎡
点子,,💡
板栗,,🌰
蝎子,,🦂
红心,,♥️
耗子,,🐭
末尾,,🔚
干红,,🍷
雕像,,🗿
海盗,,🏴‍☠️
磕头,,🙇‍♀️ 🙇‍♂️
流汗,,💦 😅
静音,,🔇
排球,,🏐
travel,,🏍 🗺 🚌 🚎 🚕
拖拉机,,🚜
yen,,💴
已满,,🈵
熟睡,,💤
豆子,,🫘
听不到,,🙉
lion,,🦁
垂钓,,🎣
地瓜,,🍠
earth,,🌍 🌎 🌏
五星红旗,,🇨🇳
调味品,,🧂
吓坏,,🤯
除以,,
品酒,,🍷
摩尔,,
搜寻,,🔍
跌停,,📉
chai,,☕️
惊吓,,🤯
犯困,,😪
道别,,🫂
摔跤,,🤼‍♀️ 🤼‍♂️
危房,,🏚
奥地利,,🇦🇹
匕首,,🗡
曲目,,🎵
柴火,,🪵
收件,,📦
egg,,🥚 🍳
生快,,🎂
盲人,,👩‍🦯 👨‍🦯
wow,,😮
颜料,,🎨
除法,,➗
芬兰,,🇫🇮
黑点,,▪️
哥伦比亚,,🇨🇴
罐子,,🫙
煎饼,,🥞
备忘,,📝
棒球,,⚾️
鼾声,,💤
品茶,,🍵
靴子,,👢
浴缸,,🛁
信奉,,🙏
喷泉,,⛲️
cab,,🚕 🚖
垂涎,,🤤
冰冻,,🥶
薯条,,🍟
晴朗,,☀️
纪念碑,,🪦
马铃薯,,🥔
thread,,🧵
大熊猫,,🐼
雾气,,🌁
雪糕,,🍦
吃面,,🍜
打结,,🪢
灰心,,🩶
猫猫,,🐱
没电,,🪫
奖杯,,🏆
大寿,,🎂
算盘,,🧮
心形,,🩵 🩶
刺客,,🥷
奶牛,,🐄
领带,,👔
十字架,,✝️
矿工,,⚒️
email,,📧
笑死,,🤣
棕榈,,🌴
备忘录,,📝
水饺,,🥟
rwar,,🐯 🦁
猴王,,🐒
蚯蚓,,🪱
水珠,,💦
打坐,,🧘‍♀️ 🧘‍♂️
海运,,🚢
滑稽,,🤪
拼图,,🧩
号角,,📯
reading,,📖 📚
hole,,🕳
独角兽,,🦄
阿联酋,,🇦🇪
下棋,,♟
wash,,🛀 🧼 🧽
lick,,👅
喂奶,,🍼 🤱 👨‍🍼
Amen,,🙏
冲浪,,🏄‍♀️ 🏄
皮包,,👝
倒掉,,🫗
自燃,,🔥
家禽,,🐔
爆米花,,🍿
美人鱼,,🧜‍♀️ 🧜‍♂️
fly,,🪰
尼泊尔,,🇳🇵
磁性,,🧲
齿轮,,⚙️
百分比,,
baa,,🐑
bye,,✋ 👋 😘
bye,,👋
耸肩,,🤷‍♀️ 🤷‍♂️
梳子,,🪮
红发,,🦰
shave,,🪒
大巴车,,🚍
插花,,💐
抹茶,,🍵
老鹰,,🦅
信件,,✉️
姥爷,,👴
大侠,,🦸‍♀️ 🦸‍♂️
钢笔,,✒️
红点,,🔴
文件夹,,📂
甘蓝,,🥬
接住,,🫴
野猪,,🐗
布丁,,🍮
老爷爷,,👴
荷包,,👛
茶艺,,🍵
惊愕,,😧
相拥,,🫂
章鱼,,🐙
bear,,🐻
老挝,,🇱🇦
放射性,,☢️
时钟,,🕰
古巴,,🇨🇺
茶道,,🍵
滑板,,🛹
封装,,📦
祭拜,,🙏
理发店,,💈
death,,☠️ 💀
快跑,,💨
药丸,,💊
倒出,,🫗
羊羔,,🐑
牡蛎,,🦪
幼苗,,🌱
游艇,,🛥
Togo,,🇹🇬
游乐园,,🎠
帆船,,⛵️
攀岩,,🧗‍♀️ 🧗‍♂️
刺猬,,🦔
超度,,🙏
人脑,,🧠
舞者,,💃
郁金香,,🌷
流鼻涕,,🤧
暴怒,,😡
委内瑞拉,,🇻🇪
sari,,🥻
问号,,❓
拉稀,,💩
雨滴,,☔️
扇子,,🪭
noon,,🕛
激怒,,😡
哈欠,,🥱
飞往,,✈️
喷水,,⛲️
微米,,
comet,,☄️ 💫
cup,,☕️ 🍵 🍶 🍼
桑拿,,🧖‍♀️ 🧖‍♂️
追星,,🤩
奖牌,,🥇 🥈 🥉
香槟,,🍾
海鱼,,🐠
flower,,🌷 🌸 🌹 🌺 🌻
蝴蝶结,,🎀
缝纫,,🪡
夹克,,🧥
书签,,🔖
魔法师,,🧙‍♀️ 🧙‍♂️
哈萨克斯坦,,🇰🇿
bill,,💸 🧾
诵经,,🙏
铁塔,,🗼
热气腾腾,,🍲
音量,,🔊
考拉,,🐨
三分之二,,
四分之一,,
智利,,🇨🇱
释然,,😌
棋子,,♟
勾选,,☑️
使眼色,,😉
漠然,,😐
喘气,,😮‍💨
呼救,,🆘
脚丫,,🦶
information,,ℹ️
仙人掌,,🌵
过山车,,🎢
泡汤,,♨️
秃头,,🦲
收据,,🧾
石碑,,🪦
cool,,😎
queen,,👑 👸
COOL,,🆒
气人,,😡
芭蕾舞,,🩰
气馁,,🙍‍♀️ 🙍‍♂️
星月,,☪️
邮局,,🏣
弹琴,,🎹
求饶,,🧎‍♀️ 🧎‍♂️
敬酒,,🍻
公墓,,🪦
安东尼,,
冰激凌,,🍦 🍨
公车,,🚌 🚍
桔子,,🍊
万圣节,,🎃
钟表,,🕙
碗面,,🍜
念珠,,📿
EMT,,🚑
海螺,,🐚
否决,,🙅‍♀️ 🙅‍♂️
黄叶,,🍂
卫生纸,,🧻
松树,,🌲
购物车,,🛒
鲸鱼,,🐳
炸药,,🧨
绳索,,🪢
举杯,,🍻
鼻头,,👃
国家公园,,🏞
小刀,,🔪
袋鼠,,🦘
魚,,🐟 🐠
奶爸,,👨‍🍼
插头,,🔌
挎包,,👜
轮船,,🚢
boar,,🐗
无妨,,😃
婚庆,,🎎
奶瓶,,🍼
信号灯,,🚥 🚦
新郎官,,🤵
UFO,,🛸
UFO,,🛸
胡须,,🧔
奶糖,,🍬
钻戒,,💍
兔兔,,🐰
尼日利亚,,🇳🇬
笔记本电脑,,💻
游轮,,🚢
热汤,,♨️
cart,,🛒
Euro,,💶
吐司,,🍞
大饼,,🫓
摩纳哥,,🇲🇨
robe,,👘
压岁钱,,🧧
雄鹰,,🦅
护目镜,,🥽
擦洗,,🧽
foot,,🦶
草花,,♣️
意面,,🍝
摄像机,,📹
迎战,,👊
磁力,,🧲
匈牙利,,🇭🇺
火苗,,🔥
C罗,,
蝸牛,,🐌
小费,,🈂️
黑猫,,🐈‍⬛
弓箭,,🏹
寄存,,🛅
高尔夫球,,⛳️
whoa,,😲
团子,,🍡
bath,,🧼 🧽 🛀 🛁
比萨,,🍕
正装,,👔
毛线,,🧶
滴血,,🩸
小票,,🧾
黑山,,🇲🇪
松子,,🌰
冰岛,,🇮🇸
腕表,,⌚️
困倦,,😪 😴
圆圈,,⭕️
苏格兰,,🏴󠁧󠁢󠁳󠁣󠁴󠁿
丧尸,,🧟‍♀️ 🧟‍♂️
干杯,,🍻 🥂
梯子,,🪜
India,,🇮🇳
火种,,🔥
司南,,🧭
广告牌,,🪧
dvd,,📀
智能机,,📱
云彩,,☁️
平底锅,,🍳
牦牛,,🦬
乘以,,
乘以,,✖️
座机,,☎️
blood,,🩸
flag,,⛳️
小轿车,,🚗 🚘
女鞋,,👠 🥿
bow,,🙇‍♀️ 🙇‍♂️ 🙇
降雪,,❄️
费解,,🤔
手柄,,🎮
亲昵,,😚
挑眉,,🤨
威士忌,,🥃
幽灵,,👻
水蜜桃,,🍑
汽水,,🥤
冲凉,,🚿
恼火,,😫
漠视,,😑
脏话,,🤬
准许,,🙆‍♀️ 🙆‍♂️
公共汽车,,🚌 🚍
卫兵,,💂‍♂️ 💂
math,,🧮 ✖️ ➕ ➖ ➗
石块,,🪨
犀牛,,🦏
雪人,,⛄️
泊车,,🅿️
潮汐,,🌊
曲奇,,🍪
不敢看,,🫣
admin,,👨‍💼 👩‍💼 🧑‍💼
鬼怪,,👹
手电筒,,🔦
secret,,㊙️ 🤫 🤐
一點,,🕐 🤏
BAM,,💥
没劲,,😒
icy,,❄️ 🥶
草帽,,👒
不小于,,
佐料,,🧂
花洒,,🚿
初雪,,❄️
贝宁,,🇧🇯
玻璃瓶,,🫙
砖头,,🧱
棒棒糖,,🍭
平底鞋,,🥿
宇航员,,👨‍🚀 👩‍🚀
塞尔维亚,,
塞尔维亚,,🇷🇸
泳衣,,👙 🩱
corn,,🌽
杂技,,🤹‍♀️ 🤹‍♂️
罗马教廷,,🇻🇦
放大镜,,🔍
花束,,💐
鸡尾酒,,🍸
毛虫,,🐛
咸味,,🧂
真棒,,👍
alpha,,
指南针,,🧭
扫帚,,🧹
差劲,,👎
弦乐,,🪕
钱袋,,💰
Laos,,🇱🇦
扣篮,,🏀
白鼠,,🐁
千分,,
蜡笔,,🖍
wave,,🌊 👋
打伞,,☂️
cake,,🍰 🎂 🧁
季军,,🥉
libra,,♎️
甜瓜,,🍈
赏月,,🎑
女警,,👮‍♀️
小精灵,,🧚‍♀️ 🧚‍♂️
gust,,💨
开怀大笑,,😆 😄
电灯,,💡
收音机,,📻
作呕,,🤢
好热,,🫠
elves,,🧝‍♀️ 🧝‍♂️ 🧝
舞厅,,🪩
三明治,,🥪
英文字,,🔤
父親,,👨
王冠,,👑
神马,,🦄
狗屎,,💩
决斗,,⚔️
蟋蟀,,🦗
游戏机,,🎮
纸杯,,🧁
滑冰,,⛸
白点,,⚪️
太阳镜,,🕶
女兒,,👧
沙井,,🕳
胶片,,🎞
澳門,,🇲🇴
autumn,,🍁 🍂 🍃
sword,,🤺 ⚔️ 🗡
苏丹,,🇸🇩
performance,,🎟 🎭
提包,,👜
psi,,
赛马,,🏇
还愿,,🙏
germ,,🦠
风铃,,🎐
一家四口,,👨‍👩‍👧‍👦 👨‍👩‍👦‍👦 👨‍👩‍👧‍👧
赤脚,,🦶
摩天轮,,🎡
哺育,,🤱 👨‍🍼
怒目,,😾
抱头,,🙆‍♀️ 🙆‍♂️
卖萌,,😛
凤梨,,🍍
水母,,🪼
fox,,🦊
病倒,,😷
application,,🈸
秃顶,,👨‍🦲 👩‍🦲 🦲
麦克风,,🎤
film,,🎞 🎬 📽
哈密瓜,,🍈
落葉,,🍂 🍃
举重,,🏋️‍♀️ 🏋️‍♂️
dove,,🕊
龙卷风,,🌪
respect,,🫡
evil,,👿 🦹‍♀️ 🦹‍♂️ 😈
mechanic,,👨‍🔧 👩‍🔧 🧰 🧑‍🔧
Jordan,,🇯🇴
比基尼,,👙
蝗虫,,🦗
蟲,,🐛
聞,,👃
yoga,,🧘‍♀️ 🧘‍♂️
小白鼠,,🐁
摩洛哥,,🇲🇦
摩洛哥,,
孟加拉,,🇧🇩
graduate,,🎓 👨‍🎓 👩‍🎓 🧑‍🎓
spf,,🧴
榛子,,🌰
女巫,,🧙‍♀️
bridge,,🌉 🌁
lying,,🤥
缆车,,🚡 🚠
火鸡,,🦃
汤加,,🇹🇴
茅屋,,🛖
paint,,🎨
Japan,,🇯🇵 🏯 🗾
存疑,,🤨
bird,,🐦 🐧 🦅 🦆 🦉
踢球,,⚽️
盒饭,,🍱
油灯,,🪔
nervous,,😬 😟 😩
shine,,✨
磁铁,,🧲
黎巴嫩,,🇱🇧
划船,,🚣‍♀️ 🚣
针线,,🪡
五点半,,🕠
pig,,🐖 🐷 🐽
wine,,🍷
单反,,📷
双肩包,,🎒
饭团,,🍙
游泳圈,,🛟
pint,,🍺 🍻
育婴,,🤱
放羊,,🐑
boot,,🥾 👢
raining,,☔️ 🌧️
拌面,,🍜
暮色,,🌆
jet,,✈️ 🛩
medical,,🚑 🚒 🩺 🏥
烦死,,😡
撑伞,,☂️
不大于,,
frame,,🖼
约等于,,
心伤,,❤️‍🩹
大喇叭,,📣
惊魂,,😰
千分之,,
yay,,😀 😁 😃
残障,,♿️
lamp,,🪔
pool,,🏊‍♀️ 🏊‍♂️ 🏊
铃铛,,🔔
清真寺,,🕌
beta,,
河豚,,🐡
forever,,♾️
愁眉苦脸,,🥴
hospital,,🏥
打瞌睡,,😪
兒子,,👦
鬼魂,,👻
魔女,,🧙‍♀️
鳥,,🐦
秘鲁,,🇵🇪
raised,,✊ 🙌
肯尼亚,,🇰🇪
六点半,,🕡
圣诞快乐,,
圣诞快乐,,🎄 🎅 🤶
鹿角,,🫎
毛毛虫,,🐛
乞求,,🥺
狗熊,,🐻
prince,,🤴 👑
突尼斯,,
圣诞老人,,🤶 🎅
迷惘,,🫥
礁石,,🪨
传情,,😘
慈母,,🤱
嘗,,👅
红玫瑰,,🌹
恶鬼,,👹
肉骨,,🍖
长颈鹿,,🦒
裁缝,,🪡
建筑工人,,👷 👷‍♀️
反胃,,🤢
利比亚,,🇱🇾
桌球,,🎱
河马,,🦛
微卷,,👩‍🦱 ‍🦱
broken,,💔 😞 😠 😡
正负,,
打鼓,,🥁
猫头鹰,,🦉
Iran,,🇮🇷
创可贴,,🩹
威尔士,,
银发,,👨‍🦳 👩‍🦳
分米,,
剃须刀,,🪒
魔术师,,🧙‍♀️ 🧙‍♂️
翻书,,📖
白大褂,,🥼
养猫,,🐱
残月,,🌘 🌙
肉麻,,🥰
椰汁,,🥥
animal,,🏇 🐀 🐁 🐂 🐃
空位,,🈳
雞,,🐔
dragon,,🐉 🐲
阿尔法,,
斧头,,🪓
汤面,,🍜
光脚,,🦶
艾特,,
冒泡,,🫧
哥俩,,👬
温度计,,🌡
salon,,💇‍♀️ 💇‍♂️ 💇
一点半,,🕜
立方厘米,,
调情,,🫦
罗盘,,🧭
goal,,🥅
跳伞,,🪂
十点半,,🕥
吸血鬼,,🧛‍♀️ 🧛‍♂️
popo,,👮‍♀️ 👮‍♂️ 👮
弹钢琴,,🎹
balance,,⚖️
理发师,,💇‍♀️ 💇‍♂️
划艇,,🚣‍♀️ 🚣
扑克牌,,🎴
不說,,🙊
尼姑,,👩‍🦲
一丝笑容,,🙂
七点半,,🕢
running,,🏃‍♀️ 🏃‍♂️ 🏃
Mali,,🇲🇱
Canada,,🇨🇦
雏菊,,🌼
母親,,👩
cow,,🐄 🐮
照相机,,📷
巴林,,🇧🇭
chair,,🪑
埃塞俄比亚,,🇪🇹
diamond,,💎 🔶 🔷 🔸 🔹
peace,,☮️ ✌️
peace,,🕊
limb,,🦵
乐谱,,🎼
artist,,🎨 👨‍🎤 👨‍🎨 👩‍🎤 👩‍🎨
舞女,,💃
舞蹈家,,💃
击鼓,,🥁
围脖,,🧣
tnt,,🧨
notes,,📝 🗒
feet,,👣 🦶
shoe,,⛸ 👞 👟 👠 👡
别针,,🧷
禁烟,,🚭
奇异果,,🥝
boat,,⚓️ ⛵️ 🚢 🚤 🛥
白日梦,,😶‍🌫️
拿铁,,☕️
盘腿,,🧘‍♀️ 🧘‍♂️
休闲鞋,,👟
笛子,,🪈
泄气,,😞
bone,,🦴 🍖
蛋饼,,🥞
Omega,,
国际象棋,,♟
纸牌,,🎴 🃏
快艇,,🚤
乱扔垃圾,,🚮
示爱,,😘
枯叶,,🍂
想开了,,🪷
開玩笑,,😝
清酒,,🍶
旗子,,🇺🇳
禁行,,⛔️
探路,,👩‍🦯 👨‍🦯
晨跑,,🏃‍♀️ 🏃‍♂️
cancer,,♋️
石料,,🪨
ooh,,😲 😮 😯
空瓶,,🫙
花簇,,💐
猪排,,🥩
factory,,🏭
歌者,,👩‍🎤 👨‍🎤
sass,,💁‍♀️ 💁‍♂️ 💁
老妇人,,👵
卡塔尔,,
卡塔尔,,🇶🇦
扬声器,,🔊
飞碟,,🛸
铁轨,,🛤
labs,,🧪 🧫 🥼
泛舟,,🚣 🚣‍♀️
剃头,,💇‍♀️ 💇‍♂️
salt,,🧂
红中,,🀄️
泳装,,👙
裤衩,,🩲
吐舌,,😛
情伤,,❤️‍🩹
啤酒肚,,🫃
rowing,,🚣‍♀️ 🚣‍♂️ 🚣
办公大楼,,🏢
雷暴,,⛈️
kitty,,🐱
算术,,🔢
吹气,,🌬️
骤雨,,☔️
烙饼,,🥞
打哈欠,,🥱
milk,,🍼 🥛
黑脸,,🌚
climb,,🧗‍♀️ 🧗‍♂️
青苗,,🌱
点球,,
electric,,⚡️
crazy,,😜 😝 😛
label,,🏷
音樂,,🎵
亲一个,,😙
巴拿马,,🇵🇦
汗颜,,😓 😅
密友,,👩‍❤️‍💋‍👩
巴勒斯坦,,🇵🇸
注射器,,💉
mask,,😷
剪发,,💇‍♀️ 💇‍♂️
甜甜圈,,🍩
沙特阿拉伯,,
沙特阿拉伯,,🇸🇦
白鹅,,🪿
高興,,😊 😃 😄
shopping,,🛍 🛒
克罗地亚,,
克罗地亚,,🇭🇷
指认,,🫵
塔吉克,,🇹🇯
圣诞树,,🎄
约旦,,🇯🇴
三叉戟,,🔱
document,,📃 📄
四点半,,🕟
狗叫,,🐶
荒岛,,🏝
gift,,🎁 💝
clock,,⌚️ ⏰ ⏱ ⏲ 🕐
camera,,🎥 📷 📸 📹 📽
旋转木马,,🎠
创口贴,,🩹
galaxy,,🌌
雪橇,,🛷
MLB,,⚾️
海狮,,🦭
发言中,,💬
跪坐,,🧎‍♀️ 🧎‍♂️
塞浦路斯,,🇨🇾
circle,,⭕️
银牌,,🥈
百货大楼,,🏬
有轨电车,,🚃
wolf,,🐺
aww,,🥰 ☺️ 😊
taco,,🌮
taco,,🌮
羊驼,,🦙
加纳,,🇬🇭
加纳,,
yoyo,,🪀
蜥蜴,,🦎
马戏团,,🎪
双手合十,,🙏
flight,,✈️ 🚁 🛩 🛫 🛬
上锁,,🔒
剪头,,💇
公仔,,🧸
police,,👮‍♀️ 👮‍♂️ 🚓 🚔 👮‍♀️
蜘蛛网,,🕸
angry,,👺 👿 😠 😡 😾
tooth,,🦷
相乘,,✖️
也门,,🇾🇪
五角星,,⭐️
赫兹,,
保加利亚,,🇧🇬
robot,,🤖
心心相印,,💞
橄榄球,,🏈
亚美尼亚,,🇦🇲
神社,,⛩
keys,,🎹 🔑 🔐
radio,,📻
church,,⛪️ 💒 🛐
急救车,,🚑
水果刀,,🔪
professor,,👨‍🏫 👩‍🏫 🧑‍🏫
burning,,🔥 🥵
击剑,,🤺
chick,,🐣 🐤 🐥
婚戒,,💍
嘴馋,,😋
立陶宛,,🇱🇹
穆勒,,
奶妈,,🤱
煎蛋,,🍳
晴间多云,,🌤
birthday,,🎁 🎂 🥳 🎉
hush,,🤫 🤐
入场券,,🎫
富士山,,🗻
手袋,,👜
猛犸,,🦣
马耳他,,🇲🇹
cash,,💰 💵 💸 💷
Australia,,🇦🇺
相框,,🖼
油桶,,🛢
turnt,,🥴
厄瓜多尔,,
厄瓜多尔,,🇪🇨
砖块,,🧱
板砖,,🧱
长靴,,👢
禁止吸烟,,🚭
收信,,📪
骑驴,,🫏
乳酪,,🧀
貓,,🐱 🐈
睡莲,,🪷
游水,,🏊‍♀️ 🏊
swords,,⚔️ 🗡
加号,,➕
加号,,
冰球,,🏒
royal,,👑
葉子,,🍃
papa,,👴
狗仔,,🐶
dinner,,🌭 🌮 🌯 🍔 🍕
ticket,,🎟 🎫
shoes,,🥾 🥿 🩰
女英雄,,🦸‍♀️
藝術,,🎨
靓女,,🤵‍♀️
hurt,,😞 🤕 😔 😢
ocean,,🌊 🏖 🏝 🐋 🐙
蕃茄,,🍅
几内亚,,🇬🇳
十点钟,,🕙
開心,,😆 ☺️
晕眩,,💫 🥴
soup,,🍜 🍲 🥣
阿塞拜疆,,🇦🇿
两点半,,🕝
移动电话,,📱
tools,,🍴 🍼 🍽 🧰 🪓
鋼琴,,🎹
安哥拉,,🇦🇴
八点钟,,🕗
霸王龙,,🦖
fart,,💨
浮潜,,🤿
溜冰,,⛸
BFF,,👯‍♀️ 👯‍♂️ 👯
一百分,,💯
pensive,,😔 🤔
球门,,🥅
四分之三,,
铜牌,,🥉
摄影机,,🎥
二分之一,,
sick,,😷 🤒 🤕 🤢 🤧
沙漏,,⌛️ ⏳
Syria,,🇸🇾
比賽,,🆚
铁锤,,🔨
beach,,⛱ 🏖 🏝
swan,,🦢
卷纸,,🧻
eagle,,🦅
chicken,,🍗 🐓 🐔
热狗,,🌭
sheep,,🐑
粗口,,🤬
摊手,,🤷‍♀️ 🤷‍♂️
票根,,🎫
vegetable,,🌶 🌽 🍅 🍆 🍠
坦桑尼亚,,🇹🇿
package,,📦
平方厘米,,
公文包,,💼
tired,,💤 😌 😰 😴 🥱
sunshine,,☀️ 🌞
orange,,🍊 🔶 🔸 🟠 🟧
九点钟,,🕘
吐舌头,,😋
美國,,🇺🇸
斧子,,🪓
拉杆箱,,🧳
學校,,🏫
津巴布韦,,🇿🇼
日圆,,💴
壁虎,,🦎
喵星人,,🐱
两颗心,,💕
旗杆,,🚩
volume,,🔇 🔈 🔉 🔊
导盲犬,,🦮 🐕‍🦺
spy,,🕵️‍♀️ 🕵️‍♂️
暴龙,,🦖
格鲁吉亚,,🇬🇪
四叶草,,🍀
科學,,🔬
lunch,,🌭 🌮 🌯 🍔 🍕
axe,,🪓
captain,,👨‍✈️ 👩‍✈️
无线网络,,🛜
啜泣,,😢
洋娃娃,,🪆
tiger,,🐅 🐯
掩面,,🤦‍♀️ 🤦‍♂️
手機,,📱
大于等于,,
蚂蚱,,🦗
nope,,👎 🙅‍♀️ 🙅‍♂️
France,,🇫🇷
copyright,,©️
酣睡,,😪 💤
workers,,👨‍💻 👨‍💼 👨‍🔬 👩‍💻 👩‍💼
剪头发,,💇‍♀️ 💇‍♂️
星夜,,🌃
mages,,🧙‍♀️ 🧙‍♂️ 🧙
海蜇,,🪼
破壳,,🐣
石像,,🗿
dollar,,💲 💸 💵
我想想,,🤔
basket,,🧺
coat,,🥼 🧥
热带水果,,🥭
monkey,,🐒 🦍 🐵
提子,,🍇
击掌,,✋ 🙌
旅行箱,,🧳
毛绒玩具,,🧸
breakfast,,🍳 🥞 🧇
pilot,,👨‍✈️ 👩‍✈️ 🧑‍✈️
鼬,,🦨
bread,,🍞 🥖 🥯
探花,,🥉
咬唇,,🫦
groom,,🤵
birds,,🦜
shirt,,👔 👕 👚
三点钟,,🕒
男鞋,,👞
红桃,,♥️
滑滑梯,,🛝
planet,,🌍 🌎 🌏 🪐
保龄球,,🎳
黄心,,💛
hearts,,♥️ ❣️ ❤️ 🏩 👨‍❤️‍👨
拜托了,,🙏 🥺
竹节,,🎍
halo,,👼 😇
篮球运动员,,⛹️‍♀️ ⛹️‍♂️
fever,,🤒 🥵
apes,,🦍 🦧
鯨,,🐳
双掌,,👐
白熊,,🐻‍❄️
fortune,,🔮
科威特,,🇰🇼
duck,,🦆
instrument,,🎷 🎸 🎹 🎺 🎻
钩子,,🪝
不丹,,🇧🇹
獾,,🦡
splash,,💦
无穷大,,
飛行,,✈️
metro,,🚆 🚇 🚉 🚊
五点钟,,🕔
二头肌,,💪
阿尔及利亚,,🇩🇿
小于等于,,
取款机,,🏧
mouse,,🐁 🕹 🖱 🖲 🐭
著急,,😣
walking,,🚶‍♀️ 🚶‍♂️
咩咩,,🐑
米饼,,🍘
棒球帽,,🧢
wheat,,🌾 🍞
天妇罗,,🍤
滑板车,,🛴
leaf,,🍁 🍂 🍃
一点钟,,🕐
fairy,,🧚‍♀️ 🧚‍♂️ 🧚‍♂️
发送邮件,,📩
高跟凉鞋,,👡
文莱,,🇧🇳
drum,,🥁
storm,,☔️ ⛈️ 🌩 🌪 🌫️
painting,,🎨 🖼
電影,,🎬 🎥
loop,,🔁 🔂
擔心,,😓
scientific,,🧪 🧫
长笛,,🪈
乌兹别克斯坦,,🇺🇿
MLS,,⚽️
泪汪汪,,🥹
甲壳虫,,🐞
palm,,✋ 🖐
GBP,,💷
渡船,,⛴️
鸢尾,,⚜️
bike,,🚲 🚴‍♀️ 🚴‍♂️ 🚵‍♀️ 🚵‍♂️
靓仔,,🤵‍♂️
边炉,,🫕
六点钟,,🕕
斜眼,,😒
水晶球,,🔮
cookie,,🍪
休闲装,,👕
琴键,,🎹
吉尔吉斯斯坦,,🇰🇬
掌印,,🐾
officer,,👮‍♀️ 👮‍♂️ 👮
zap,,⚡️
四点钟,,🕓
canoe,,🛶
gear,,⚙️
fog,,🌫️
princess,,👸 👑
贝塔,,
speaker,,📢 📣 🔇 🔈 🔉
kick,,🦵
天狗,,👺
碰杯,,🍻 🥂
dogs,,🐕‍🦺 🦮 🐩 🐶 🐕
胸片,,🩻
elder,,🧓
爬梯,,🪜
野营,,⛺️
索马里,,🇸🇴
举牌,,🪧
百货公司,,🏬
engineers,,👨‍💻 👩‍💻 🧑‍💻
tongue,,👅 😛
一滴泪,,🥲
见笑,,😜
卫星通讯,,📡
大猩猩,,🦍 🦧
brick,,🧱
毫秒,,
beer,,🍺 🍻
piano,,🎹
三叶草,,☘️
鸭梨,,🍐
傷心,,❤️‍🩹
ohh,,😲 😮 😯
女表,,⌚️
发晕,,😵‍💫
Russia,,🇷🇺
发廊,,💈
adult,,🧑 👨 👩
juice,,🥤 🧃
领钱,,💰
循环播放,,🔁
剪子,,✂️
救生圈,,🛟
记事本,,🗒
peach,,🍑
candy,,🍬 🍭
没门,,🙅‍♀️ 🙅‍♂️
礼花,,🎆
football,,🏈
残障人士,,👩‍🦽 👨‍🦽
aries,,♈️
青苹果,,🍏
十一点半,,🕦
纸鸢,,🪁
plug,,🔌
提款机,,🏧
回礼,,🎁
sax,,🎷
花豹,,🐆
otter,,🦦
厕纸,,🧻
白旗,,🏳️
fax,,📠
castle,,🏯 🏰
假肢,,🦿
路障,,🚧
experiment,,🧪 🧫 🔬
skis,,⛷ 🎿
巫女,,🧙‍♀️
咖啡杯,,☕️
常青树,,🌲
weapon,,⚔️ 💣 🔪 🗡 🛡
听广播,,📻
butter,,🧈
塔吉克斯坦,,🇹🇯
听筒,,📞
makeup,,💄 💋
Italy,,🇮🇹
鸟窝,,🪺
banana,,🍌
一滴血,,🩸
truck,,🚙 🚚 🚛
cherry,,🍒
knock,,✊
电邮,,📧
flan,,🍮
電話,,☎️ 📞
火烈鸟,,🦩
嘟嘴,,🙍‍♀️ 🙎‍♂️
alcohol,,🍶 🍷 🍸 🍹 🍺
quid,,💷
waves,,🌊
农妇,,👩‍🌾
世界地图,,🗺
Armenia,,🇦🇲
马其顿,,🇲🇰
向下箭头,,⬇️
礼帽,,🎩
响指,,🫰
绿巨人,,🧌
climbing,,🧗‍♀️ 🧗‍♂️
wedding,,🏩 👰 💒
培养皿,,🧫
santa,,🎅 🤶
警灯,,🚨
蜜罐,,🍯
sunset,,🌅 🌆 🌇
wink,,😉 😘
wink,,😉
火山喷发,,🌋
黄头发,,👱‍♀️
loving,,🥰
smoke,,💨
sedan,,🚗 🚘
Chad,,🇹🇩
煎鸡蛋,,🍳
taxi,,🚕 🚖
teeth,,🦷
乌拉圭,,
乌拉圭,,🇺🇾
两点钟,,🕑
shorts,,🩳
ghost,,👻
无口,,😶
scientist,,👨‍🔬 👩‍🔬 🧑‍🔬
公尺,,
bones,,🦴
叉叉,,❌
冒冷汗,,😰
crying,,😢 😭 😿
酥饼,,🍪
Jersey,,🇯🇪
家有儿女,,👨‍👩‍👧‍👦
泰迪熊,,🧸
alarm,,⏰ ⏲
rabbit,,🐇 🐰
脚踏车,,🚲
出拳,,👊
玻利维亚,,🇧🇴
judge,,👨‍⚖️ 👩‍⚖️ 🧑‍⚖️
喵呜,,🐱
vegetables,,🌶 🌽 🍅 🍆 🍠
思考中,,💭
捂嘴,,🤭
乌干达,,🇺🇬
套娃,,🪆
pizza,,🍕
感叹号,,❗️
手推车,,🛒
crown,,👑 👸 🤴
dollars,,💵 💸
vehicle,,⛴️ ⛵️ ⛽️ ✈️ 🏁
牙买加,,🇯🇲
赞比亚,,🇿🇲
nurse,,👨‍⚕️ 👩‍⚕️ 🧑‍⚕️
archer,,♐️
挥拳,,👊
curious,,🤨 🧐
drawing,,✍️
缎带,,🎀
吃驚,,😱 😲
iPod,,📱
乌贼,,🦑
bowl,,🍚 🍜 🍲
chemist,,👨‍🔬 👩‍🔬 🥼 🧑‍🔬
贵宾犬,,🐩
滑翔伞,,🪂
instruments,,🪕 🎸 🎹 🥁
melon,,🍈 🍉
蘋果,,🍎 
双肺,,🫁
道路施工,,🚧
任意球,,
欧米伽,,
delivery,,📦 🚚 🚛
特殊符号,,🔣
黑桃,,♠️
genes,,🧬
电灯泡,,💡
tram,,🚊 🚋 🚈
红苹果,,🍎
綠葉,,🍃
devil,,👹 👺 👿 😈
snake,,🐍
机械臂,,🦾
Singapore,,🇸🇬
burst,,💥
potato,,🥔
莫桑比克,,🇲🇿
舞鞋,,🩰
窝火,,😡
捧花,,💐
格陵兰,,🇬🇱
meditation,,🧘‍♀️ 🧘‍♂️ 🧘
surprised,,😦 😧 😨 😮 😯
根号,,
說話,,💬
一次方,,
咬嘴,,🫦
冰壶,,🥌
magnet,,🧲
懒猪,,🐷
风信子,,🪻
sweat,,💦 😅 😓 😥 😪
肉排,,🥩
调羹,,🥄
grandpa,,👴
咧嘴笑,,😁
England,,🏴󠁧󠁢󠁥󠁮󠁧󠁿
ointment,,🧴
马内,,
保湿霜,,🧴
鎖,,🔒
acting,,🎭
customs,,🛂 🛃
beef,,🥩
Spain,,🇪🇸
汗滴,,💧
啦啦队,,📣
mug,,☕️ 🍵 🍺
听力障碍,,🦻
glove,,🥊 🧤
榜眼,,🥈
dice,,🎲
tray,,🎨
boots,,👢 🥾
小恶魔,,😈
chef,,👨‍🍳 👩‍🍳 🧑‍🍳
pants,,👖
goat,,🐐 🐑
拍拖,,👫
lightning,,⚡️ 🌩 ⛈️
cheese,,🧀
开口笑,,😀
toys,,🧸 🪀 🪁
客船,,🛳
赛艇,,🚤
起子,,🪛
pencil,,✏️ 📝
正確,,✅ ⭕️
LGBT,,🏳️‍🌈 ⚧
LGBT,,🏳️‍🌈
内马尔,,
電視,,📺
swimming,,🏊‍♀️ 🏊‍♂️
百慕大,,🇧🇲
desert,,🌵 🏜 🐪 🐫
洋装,,👗
寶寶,,👶
accounting,,🧾
chemistry,,⚛️ 🧪
眼冒金星,,😵
basketball,,🏀
baker,,👨‍🍳 👩‍🍳 🧑‍🍳
文件柜,,🗄
南韩,,🇰🇷
头部按摩,,💆‍♀️ 💆‍♂️
手球,,🤾‍♀️ 🤾‍♂️
玩牌,,🃏
screw,,🔩
rocket,,🚀
咬嘴唇,,🫦
热带鱼,,🐠
星号,,✳️
鸟蛋,,🪺
mechanics,,🧰
deer,,🦌
录影,,📹
摩托艇,,🛥
alien,,👽 👾
直尺,,📏
newspaper,,📰 🗞
dancing,,💃 🕺
timer,,⏰ ⏱ ⏲
bicycle,,🚲 🚴‍♀️ 🚴‍♂️ 🚵‍♀️ 🚵‍♂️
farmer,,👨‍🌾 👩‍🌾 🧑‍🌾
剃刀,,🪒
听诊器,,🩺
dental,,🦷
笑眼,,😄
桃心,,♥️
dairy,,🥛
umbrella,,☂️ ☔️ ⛱ 🌂 🏖
手机关机,,📴
mango,,🥭
十二点半,,🕧
shark,,🦈
斯洛文尼亚,,🇸🇮
光碟,,💽
打靶,,🎯
kite,,🪁
靶心,,🎯
spider,,🕷 🕸
jewel,,💎
呵欠,,🥱
角球,,
hammer,,⚒️ 🔨 🛠
查包,,🛃
Cuba,,🇨🇺
鑰匙,,🔑
客轮,,🛳
sled,,🛷
科索沃,,🇽🇰
飞行模式,,✈️
飞盘,,🥏
卢旺达,,🇷🇼
knife,,🔪 🗡 🍴
shush,,🤫 🤐
caps,,🧢
biology,,🔬 🧪 🧫 🧬
ferry,,⛴️ 🛳
百货商店,,🏬
拉脱维亚,,🇱🇻
doctors,,🥼
假笑,,😬
土库曼斯坦,,🇹🇲
回形针,,📎
宗教场所,,🛐
水球,,🤽‍♀️ 🤽‍♂️
独木舟,,🛶
迪斯科,,🪩
泳裤,,🩲
血滴,,🩸
emergency,,🆘 🚨
clover,,☘️ 🍀
Halloween,,🎃 👻
Halloween,,🎃
結束,,🔚
鳄梨,,🥑
eject,,⏏️
板球,,🏏
對比,,🆚
pregnancy,,🤰
粟米,,🌽
warning,,☢️ ☣️ ⚠️
ROFL,,🤣
rofl,,🤣 😂 🤪
爱沙尼亚,,🇪🇪
legs,,🦵 🦿
调色板,,🎨
golf,,⛳️ 🏌️‍♀️ 🏌️‍♂️
bomb,,💣
反战,,☮️
diva,,👩‍🎤 👨‍🎤 🧑‍🎤
clap,,👏
窃笑,,🤭
小包包,,👝
rainbow,,🌈
百点,,💯
南极洲,,🇦🇶
Germany,,🇩🇪
pupil,,👨‍🎓 👩‍🎓 🧑‍🎓
applause,,👏
绿心,,💚
杂耍,,🤹‍♀️ 🤹‍♂️
果蝇,,🪰
salad,,🥗
女警察,,👮‍♀️
drunk,,🥴 😵
喀麦隆,,
喀麦隆,,🇨🇲
grandma,,👵
roar,,🐯 🦁
celebrate,,🍾 🎉 🎊
fist,,✊ 👊 🤛 🤜
汉堡包,,🍔
杀马特,,👨‍🎤 👩‍🎤
cooking,,🍳 🥘 🧑‍🍳
racing,,🏁 🏎
ramen,,🍜 🍲
secretary,,👨‍💼 👩‍💼 🧑‍💼
bald,,👨‍🦲 👩‍🦲
UAE,,🇦🇪
肥皂泡,,🫧
fires,,🔥
单曲循环,,🔂
环扣,,🔗
tomato,,🍅
米果,,🍘
難過,,🙁 😔 😫
burger,,🍔
drinking,,🍻 🍾
甜筒,,🍦
熱情,,❤️‍🔥
再見,,👋
申請,,🈸
elephant,,🐘
哥斯达黎加,,
哥斯达黎加,,🇨🇷
蓝心,,🩵
chocolate,,🍫
渡轮,,⛴️
fruits,,🥭 🍉 🍎 🍌
点蜡,,🕯
二次方,,
laughing,,😂 😆 😝
亞洲,,🌏
零钱包,,👛
加蓬,,🇬🇦
traveler,,🧳
金錢,,💰
chess,,♟
短袜,,🧦
山地车,,🚵‍♀️ 🚵‍♂️
alert,,🚨
cards,,♠️ ♣️ ♥️ ♦️ 🃏
資訊,,ℹ️
好運,,🍀
sleeping,,💤 😴 🛌
科特迪瓦,,🇨🇮
singer,,👨‍🎤 👩‍🎤 🧑‍🎤
anxious,,😟 🥺 😥 😕 😬
mining,,⛏
musical,,🎧 🎵 🎶 🎷 🎸
scientists,,👨‍🔬 👩‍🔬 🧑‍🔬
drops,,💦 ☔️ 💧
针筒,,💉
醫院,,🏥
nanna,,👵
kiwi,,🥝
塞内加尔,,
塞内加尔,,🇸🇳
三角裤,,🩲
锯子,,🪚
worried,,😕 😟 😨 😰
knit,,🧶
reverse,,🔄
graduation,,🎓 👨‍🎓 👩‍🎓 🧑‍🎓
xoxo,,💋 😘 😚
bags,,🛍 🧳
Buddhism,,☸️ 🕉
soap,,🧼
melody,,🎼 🎵 🎶
lager,,🍺
rhino,,🦏
黄瓜片,,🥒
locked,,🔒
可颂,,🥐
VHS,,📼
bricks,,🧱
銀行,,🏦
賽馬,,🏇
smiling,,☺️ 😀 😁 😂 😃
skip,,⏩ ⏪ ⏭ ⏮
glasses,,👓 🕶 😎 🤓
tractor,,🚜
whale,,🐋 🐳
theatre,,🎫 🎭
telephone,,☎️ 📞
反對,,🙅‍♀️ 🙅‍♂️
pregnant,,🤰
华夫饼,,🧇
snowman,,☃️ ⛄️
oooh,,😲 😮 😯
纳米比亚,,🇳🇦
堅果,,🌰
greens,,🥬
compass,,🧭
sweep,,🧹
碟片,,💽
fireman,,👨‍🚒
noodles,,🍝 🍜
炸虾,,🍤
下划线,,
盥洗室,,🚻
grandfather,,👴
確定,,✅ ☑️
珠算,,🧮
垒球,,🥎
currency,,💱 💲 💴 💷
草棚,,🛖
bathroom,,🚻 🚽
swept,,🧹
红酒杯,,🍷
头纱,,👰
警示灯,,🚨
大蒜头,,🧄
uniform,,🥋
parties,,🥳 🎉 🎈 🎊
mathematics,,🧮
不明飞行物,,🛸
後退,,🔙
邮筒,,📮
techie,,👨‍💻 👩‍💻
guitar,,🎸
上學,,🎒
camel,,🐪 🐫
crash,,💥
棕榈树,,🌴
結婚,,👰 ⛪️
globe,,🌍 🌎 🌏 🌐
雷龙,,🦕
多米尼克,,🇩🇲
扩音器,,📢
唇彩,,💄
德芙,,🍫
gifts,,🎁
automobile,,🚕 🚗 🚙
explorer,,🧭
歪嘴,,🫤
violin,,🎻
drinks,,☕️ 🍵 🍶 🍷 🍸
畢業,,🎓
青虫,,🐛
撅嘴,,🙍‍♀️ 🙎‍♂️
冲澡,,🚿
十一点钟,,🕚
浴衣,,👘
pawn,,♟
直布罗陀,,🇬🇮
puzzle,,🧩
寶石,,💎
Israel,,🇮🇱
scroll,,📜
車子,,🚗 🚘
goodluck,,🍀
紙牌,,🎴 🃏
信號,,📶
喷水池,,⛲️
traveled,,🧳
灯神,,🧞‍♂️
曲棍球,,🏑
乳牛,,🐄
姆巴佩,,
大写字母,,🔠
worm,,🐛
sushi,,🍣
遊戲,,🎮
heels,,👠
平方分米,,
多哥,,🇹🇬
battery,,🔋
猪鼻,,🐽
摩尔多瓦,,🇲🇩
calendar,,📅 📆 🗓
见钱眼开,,🤑
點燃,,🔥
危地马拉,,🇬🇹
不得入内,,🚫
infinite,,♾️
萨尔瓦多,,🇸🇻
crab,,🦀
星芒,,🌟
撲克牌,,🎴 🃏
microphone,,🎙 🎤
twins,,♊️ 👯‍♂️ 👯‍♀️
shield,,🛡
kale,,🥬
南苏丹,,🇸🇸
massage,,💆‍♀️ 💆‍♂️ 💆
mosquito,,🦟
joker,,🃏
joker,,🃏
和平鸽,,🕊
sigma,,
头部受伤,,🤕
jacket,,🧥
puff,,💨
禁止入内,,⛔️
fishing,,🎣
树懒,,🦥
帕劳,,🇵🇼
打勾,,☑️ ✔️
maple,,🍁
循環,,♻️ 🔄
泰國,,🇹🇭
scared,,🙀 😱 😟 😳
theater,,🎫 🎭
瓦努阿图,,🇻🇺
television,,📺
icecream,,🍦 🍨
Macau,,🇲🇴
Peru,,🇵🇪
bride,,👰
好臭,,😷
medal,,🎖 🏅 🥇 🥈 🥉
tennis,,🎾
烤地瓜,,🍠
數字,,🔢
smoking,,🚬
呼机,,📟
直方图,,📊
kicks,,🦵
巴哈马,,🇧🇸
驚訝,,🙀 ‼️ 😮
拳頭,,👊 ✊
lambda,,
candle,,🕯
工廠,,🏭
六芒星,,🔯
furniture,,🛋 🛌 🛏 🪑
活火山,,🌋
marshal,,👨‍⚖️ 👩‍⚖️ 🧑‍⚖️
unhappy,,☹️ 😐 😑 😒 😓
笑抽,,🤣
soda,,🥤
midnight,,🕛
toilet,,🚽
礼拜堂,,⛪️
子午线,,🌐
波多黎各,,🇵🇷
抽水马桶,,🚽
意粉,,🍝
存包,,🛅
pasta,,🍝
deaf,,🧏‍♀️ 🧏‍♂️ 🧏
jeans,,👖
足印,,👣
vape,,💨
vase,,⚱️ 🏺
高速列车,,🚄
免費,,🆓
Euros,,💶
变戏法,,🤹‍♀️ 🤹‍♀️
草藥,,🌿
營業,,🈺
subway,,🚇 🚉 🚋
dessert,,🍦 🍧 🍨 🍩 🍪
cleaning,,🧹 🧻 🧼 🧽
masks,,🎭 😷
美利坚合众国,,🇺🇸
mute,,🔇 🔕 🤫 🤐
butterfly,,🦋
新聞,,📰
laboratory,,🥼 🧪 🧫
confused,,😕 🤷‍♀️ 🤷‍♂️ 😐 🤔
帐本,,📒
balls,,🥎 ⚽️ 🏀 🏈
苏亚雷斯,,
海上日出,,🌅
看不見,,🙈
泳镜,,🥽
中藥,,🌿
不高興,,😠 😔
兔女郎,,👯‍♀️
barber,,💈
中国国旗,,🇨🇳
英國,,🇬🇧
turtle,,🐢
dancer,,💃 🕺
celebration,,🍾 🎁 🎉 🎊 👏
mushroom,,🍄
shrimp,,🍤 🦐
brightness,,🔅 🔆
龙脸,,🐲
放映室,,🎦
Malaysia,,🇲🇾
中华人民共和国国旗,,🇨🇳
magnetic,,🧲
insect,,🐜 🐞 🕷 🦟
steak,,🥩
婚禮,,💒
放鬆,,😌
书堆,,📚
liberty,,🗽
vehicles,,🛺 🚗
spoon,,🥄
grandmother,,👵
chili,,🌶
Thailand,,🇹🇭
seafood,,🦐 🦞
cakes,,🍰 🎂 🧁
sleepy,,💤 😪 😴 🤤 🥱
利比里亚,,🇱🇷
infinity,,♾️
silly,,😛 😜 😝
十二点钟,,🕛
recycle,,♻️
shocked,,😨 😱 😲 😳 🙊
秒表,,⏱
萨摩亚,,🇼🇸
punch,,👊 🤛 🤜 🥊
prayer,,📿 🙏 🤲
yummy,,😋 🤤
cigarette,,🚬
背心裙,,👗
onion,,🧅
bunny,,🐰
悬浮列车,,🚟
blouse,,👚
chains,,⛓
traveling,,🧭 🧳
mosquitoes,,🦟
錯誤,,❌
notebook,,💻 📒 📓 📔 📕
美国国旗,,🇺🇸
火車,,🚄 🚂
波浪线,,〰️
长鼻子,,🤥
bacteria,,🦠 🧫
highway,,🛣
iota,,
醫療,,💉 💊
磁悬浮列车,,🚝
噘嘴,,🙍‍♀️ 🙎‍♂️
axes,,🪓
泡泡浴,,🛁
registered,,®️
swearing,,🤬
打擊,,👊
不聽,,🙉
envelope,,✉️ 💌 📨 📩
directions,,🧭 🗺
Vietnam,,🇻🇳
buffalo,,🐃
男警,,👮
Egypt,,🇪🇬
muscles,,💪
尼日尔,,🇳🇪
巴布亚新几内亚,,🇵🇬
塞拉利昂,,🇸🇱
風鈴,,🎐
meow,,🐱 😸 😻
superhuman,,🦸‍♀️ 🦸‍♂️
刮胡刀,,🪒
列支敦士登,,🇱🇮
疲勞,,😪
马拉维,,🇲🇼
南瓜灯,,🎃
agriculture,,🌾 👩‍🌾 👨‍🌾 🧑‍🌾
半身像,,👤
山姆大叔,,🇺🇸
圭亚那,,🇬🇾
dumpling,,🥟
radius,,🦴
gamma,,
stressed,,😰 😩 😫
ruler,,📏 📐
hippo,,🦛
enamored,,🥰 🤩 😍
树袋熊,,🐨
strawberry,,🍓
刨冰,,🍧
desktop,,🖥
格林纳达,,🇬🇩
Brazil,,🇧🇷
sweets,,🍫 🍬 🍭 🥮 🧁
pumpkin,,🎃
女警官,,👮‍♀️
exhausted,,😵 😴 🥱 😩
sunrise,,🌄 🌅
法國,,🇫🇷
汽車,,🚗 🚘
hiking,,🥾
外卖盒,,🥡
勿视,,🙈
electricity,,⚡️ 🔌
vial,,🧪
Claus,,🤶
輕鬆,,😉
哭唧唧,,🥹
塞舌尔,,🇸🇨
drums,,🥁
海獭,,🦦
sparkle,,❇️
尼加拉瓜,,🇳🇮
吸烟区,,🚬
socks,,🧦
澳大利亞,,🇦🇺
unicorn,,🦄
吸铁石,,🧲
dinosaur,,🦕 🦖
heroes,,🦸‍♀️ 🦸‍♂️ 🦸
peanut,,🥜
yarn,,🧶
trash,,🗑 🚮
小写字母,,🔡
seedling,,🌱
ohhh,,😲 😮 😯
咖喱饭,,🍛
孙兴慜,,
Mexico,,🇲🇽
pinch,,🤏
好耶,,😆
bills,,💸 💵
officers,,👮‍♀️ 👮‍♂️ 👮
伽玛,,
picnic,,🧺
Macao,,🇲🇴
破壳而出,,🐣
鼓槌,,🥁
玩具熊,,🧸
少儿不宜,,🔞
bleed,,🩸
beard,,🧔
立方分米,,
電腦,,💻
painter,,👨‍🎨 👩‍🎨 🧑‍🎨
安道尔,,🇦🇩
虧損,,💸
LGBTQ,,🏳️‍🌈 ⚧
LGBTQ,,🏳️‍🌈
satellite,,📡 🛰
Turkey,,🇹🇷
緊張,,😰
韓國,,🇰🇷
速食店,,🍔
embarrassed,,🙈 😞 😳
musician,,👨‍🎤 👩‍🎤 🧑‍🎤
Indonesia,,🇮🇩
舌頭,,👅
开曼群岛,,🇰🇾
bakery,,🥯 🧁
童話,,👸
espresso,,☕️
whisky,,🥃
whisky,,🥃
操纵杆,,🕹
artisan,,👨‍🎨 👩‍🎨 🧑‍🎨
枯葉,,🍂
鮮花,,💐
阿拉伯联合酋长国,,🇦🇪
博茨瓦纳,,🇧🇼
方片,,♦️
幸运草,,🍀
nursing,,🤱
genome,,🧬
arctic,,🥶
N次方,,
n次方,,
圣代,,🍦
便当盒,,🍱
zebra,,🦓
Georgia,,🇬🇪
spicy,,🥵 🌶
threads,,🧵
garlic,,🧄
馬來西亞,,🇲🇾
贝果,,🥯
wizard,,🧙‍♂️
cucumber,,🥒
boxing,,🥊
folder,,📁 📂 🗂
shaving,,🪒
報警,,🚔
悲傷,,😭 😢
交通灯,,🚥 🚦
freeze,,🥶
adore,,🥰 😊
北韩,,🇰🇵
gloves,,🧤
高筒靴,,👢
攝影,,📹
cleans,,🧼 🧽
豌豆荚,,🫛
木梯,,🪜
緬甸,,🇲🇲
navigation,,🧭
所罗门群岛,,🇸🇧
發言,,💬
fireworks,,🎆 🎇 🧨 💥
俄羅斯,,🇷🇺
运动衫,,🎽
carrot,,🥕
捏合,,🤌
cocktail,,🍹 🍸
sponge,,🧽
trophy,,🏆
sailing,,⛵️
burns,,🥵
balloon,,🎈 💭
苦惱,,😖 ☹️
记事簿,,📒
cheers,,🍻 🥂
东帝汶,,🇹🇱
高音量,,🔊
cabbage,,🥬
twinkle,,✨ ⭐️ 🤩 💖
comedy,,🎭
剪贴板,,📋
viruses,,🦠
記錄,,📝
petrol,,⛽️
zombie,,🧟‍♀️ 🧟‍♂️
educator,,👨‍🏫 👩‍🏫 🧑‍🏫
crossed,,🤞
policeman,,👮‍♂️
travelling,,🧭 🧳
传呼机,,📟
diya,,🪔
三點,,🕒
惊问,,⁉️
injured,,🤕
Mongolia,,🇲🇳
拍攝,,🎬
versus,,🆚
草莓蛋糕,,🍰
查詢,,🔍
sandwich,,🥙 🥪
watermelon,,🍉
soccer,,⚽️ 🥅
冈比亚,,🇬🇲
poop,,💩
lettuce,,🥬
ledger,,📒
铁路轨道,,🛤
llama,,🦙
Islam,,☪️
crest,,⚜️ 🔱
shuffle,,🔀
vaccination,,💉
experiments,,🧪 🧫 🔬
Ireland,,🇮🇪
仙女棒,,🪄
ballet,,🩰
physician,,👨‍⚕️ 👩‍⚕️ 🧑‍⚕️
洋水仙,,🪻
takeout,,🥡
圣马力诺,,🇸🇲
camping,,⛺️ 🏕
tropical,,🌴 🌺 🏖 🏝 🦩
北马其顿,,🇲🇰
天使的翅膀,,🪽
spock,,🖖
出租車,,🚕 🚖
cattle,,🐂 🐄 🐮
chairs,,🪑
鎖定,,🔒
heartbeat,,💓 💗
mooncake,,🥮
penguin,,🐧
genetics,,🧬
朝鮮,,🇰🇵
headache,,🤕
puppy,,🐶
珠寶,,💎
baggage,,🛄 🛅 🧳
Irish,,☘️
减号,,➖
减号,,
機場,,✈️
复选框,,☑️
舞蹈鞋,,🩰
forbidden,,⛔️ 📵 🔞 🚫 🚯
magical,,🧙‍♀️ 🧙‍♂️ 🧙
dumplings,,🥟
德國,,🇩🇪
對抗,,🆚
錨,,⚓️
pyro,,🧨
gemini,,♊️
收件箱,,📥
purse,,👛 👜
布基纳法索,,🇧🇫
pirate,,🏴‍☠️
本泽马,,
keyboard,,⌨️ 🎹
tasty,,😋
explosion,,💥
ribbon,,🎀 🎗 💝
赤道几内亚,,🇬🇶
停車,,🅿️
黑超,,🕶
bacon,,🥓
下一個,,▶️
尷尬,,😅 😳
rejected,,🙅‍♀️ 🙅‍♂️ 🙅
carnival,,🎟 🎠 🎡 🎢
fete,,🥳
chapel,,💒
华氏度,,
invoice,,🧾
亨德森,,
聖誕節,,🎄 🎅 🤶
awww,,🥰 ☺️ 😊
pancake,,🥞
calculation,,🧮
burnt,,🥵
backpack,,🎒
skull,,☠️ 💀
Pakistan,,🇵🇰
bugs,,🦟 🐛 🕷
insects,,🦟 🐜 🐞 🕷
receipt,,🧾
蜜獾,,🦡
门松,,🎍
spade,,♠️
couch,,🛋
relieved,,😌 😥 😪 😅 🥲
shiver,,🥶
scorpio,,♏️
shaved,,🪒
cleaned,,🧹 🧼 🧽
dolphin,,🐬
oyster,,🦪
scales,,♎️ ⚖️
Fiji,,🇫🇯
圣卢西亚,,🇱🇨
八边形,,🛑
cloudy,,☁️ ⛅️ 🌤 🌥 🌦
天使之翼,,🪽
义肢,,🦿
青龍,,🐉
scarf,,🧣
pager,,📟
basil,,🌿
Tonga,,🇹🇴
laptop,,👨‍💻 👩‍💻 💻
flames,,🔥
夫婦,,👫
公共汽车站,,🚏
cellphone,,📱 📲
资料夹,,📁
luggage,,🧳 🛄 🛅
闪烁的星星,,🌟
紅酒,,🍷
惊叹号,,❕ ❗️
coconut,,🥥 🌴
sweeping,,🧹
布隆迪,,🇧🇮
grapes,,🍇
facepalm,,🤦‍♀️ 🤦‍♂️ 🤦
snowflake,,❄️
日本国旗,,🇯🇵
champagne,,🍾 🥂
烏龜,,🐢
香吻,,👄
撞球,,🎱
travelers,,🧳
shhh,,🤫 🤐
stadium,,🏟
bravo,,👏 🙌 🎉
baking,,🧈
软盘,,💾
Wales,,🏴󠁧󠁢󠁷󠁬󠁳󠁿
Switzerland,,🇨🇭
addled,,🥴
dresses,,🥻 👗
圣基茨和尼维斯,,🇰🇳
基里巴斯,,🇰🇮
chopsticks,,🥢
porridge,,🥣
除号,,
除号,,➗
虎脸,,🐯
爪印,,🐾
黑旗,,🏴️
sunflower,,🌻
註冊,,®️
鸡宝宝,,🐤
snail,,🐌
地鐵,,🚇 Ⓜ️
pills,,💊
紫心,,💜
白老鼠,,🐁
zeta,,
Greece,,🇬🇷
swans,,🦢
pathogen,,🦠
服務員,,💁‍♀️ 💁‍♂️
刚果民主共和国,,🇨🇩
版權,,©️
sorcerer,,🧙‍♂️
三文治,,🥪
baseball,,⚾️ 🥎
開啓,,🔛
冠軍,,🏆 🥇
peanuts,,🥜
猫脸,,🐱
volcano,,🌋
捂眼,,🫣
飛機,,✈️
科摩罗,,🇰🇲
雷雨交加,,⛈️
毛里塔尼亚,,🇲🇷
bulb,,💡
燃燒,,🔥
chestnut,,🌰
saturn,,🪐
chuckle,,🤭 🙊
Chile,,🇨🇱
右推,,🫸
捷克共和国,,🇨🇿
cobra,,🐍
货柜车,,🚜
sodium,,🧂
liquor,,🍸 🍹 🥃
文書,,📃
法罗群岛,,🇫🇴
星条旗,,🇺🇸
无轨电车,,🚎
hamburger,,🍔
驼鹿,,🫎
Netherlands,,🇳🇱
Sweden,,🇸🇪
fountain,,⛲️
inbox,,📥 📨
mocha,,☕️
detective,,🕵️‍♀️ 🕵️‍♂️ 🕵️
旗桿,,🚩
Niger,,🇳🇪
巴巴多斯,,🇧🇧
kites,,🪁
clamp,,🗜
restricted,,⛔️ 🚫
熱水,,♨️
traveller,,🧳
kitten,,🐱
清涼,,🆒
cereal,,🥣
唔知,,🤔
boiling,,🥵
lobster,,🦞
德布劳内,,
duel,,🤺
airplane,,✈️ 🛩 🛫 🛬
伯利兹,,🇧🇿
汽艇,,🚤
小鳥,,🐦
slipper,,🥿
printer,,🖨
震動,,📳
shipment,,📦 🚚
kangaroo,,🦘
waffle,,🧇
愛你,,😘 🤟
乌龙球,,
broom,,🧹
dentist,,🦷
疲憊,,😫
cussing,,🤬
sorcerers,,🧙‍♂️
菠萝头,,🍍
平安夜快乐,,
Austria,,🇦🇹
Scotland,,🏴󠁧󠁢󠁳󠁣󠁴󠁿
laundry,,🧺
gyro,,🥙
蕃薯,,🍠
祝賀,,㊗️
giraffe,,🦒
skyline,,🌃 🌆 🌇 🌉 🏙
飲料,,🥤
scary,,😱 👹 👺 👿 😈
cricket,,🏏 🦗
利是封,,🧧
Philippines,,🇵🇭
萨克斯管,,🎷
上一個,,◀️
波斯尼亚,,🇧🇦
elephants,,🐘
臭鼬,,🦨
gambling,,🎰 🎲
gelato,,🍧 🍨
蒸汽火车,,🚂
爱心礼物,,💝
blond,,👱‍♀️ 👱‍♂️
莲蓬头,,🚿
herbs,,🌿
乘号,,
乘号,,✖️
訊息,,✉️
dizzy,,😵 🥴
Myanmar,,🇲🇲
yogi,,🧘‍♀️ 🧘‍♂️
waving,,👋 🙋‍♀️ 🙋‍♂️
六角星,,🔯
glitter,,✨
繪畫,,🎨
planets,,🪐
scissors,,✂️
口紅,,💄
手錶,,⌚️
retina,,👁
trumpet,,🎺
皺眉,,😠
beads,,📿
舉手,,🙋‍♀️ 🙋‍♂️
salve,,🧴
avocado,,🥑
救火队员,,👩‍🚒 👨‍🚒
沒辦法,,👐
denied,,🙅‍♀️ 🙅‍♂️ 🙅
马绍尔群岛,,🇲🇭
莫德里奇,,
genie,,🧞‍♀️ 🧞‍♂️ 🧞
邪惡,,😈
fries,,🍟
scorpion,,🦂
crayon,,🖍
collision,,💥
citrus,,🍊
parrot,,🦜
沒問題,,🆗 👌
多巴哥,,🇹🇹
Monaco,,🇲🇨
barf,,🤮 🤢
悠悠球,,🪀
bleeding,,🩸
nazar,,🧿
Iraq,,🇮🇶
genomics,,🧬
鈴鐺,,🔔
broadway,,🎭
荷蘭,,🇳🇱
随机播放,,🔀
circus,,🤡 🎪
pineapple,,🍍
porpoise,,🐬
crescent,,🌙
saris,,🥻
yacht,,🛥
haircut,,💇‍♀️ 💇‍♂️ 💇
面包圈,,🍩
astronaut,,👨‍🚀 👩‍🚀 🚀 🛰 🧑‍🚀
villain,,🦹‍♀️ 🦹‍♂️
surgeon,,👨‍⚕️ 👩‍⚕️ 😷
palette,,🎨
電郵,,📧
Denmark,,🇩🇰
cactus,,🌵
pouch,,🎒 👝
嚴肅,,😠
特立尼达和多巴哥,,🇹🇹
三角尺,,📐
厄立特里亚,,🇪🇷
crocodile,,🐊
芭蕾舞鞋,,🩰
hatchback,,🚗
流淚,,😭
hotdog,,🌭
vegetarian,,🌶 🌽 🍆 🍠
落叶树,,🌳
rowboat,,🚣‍♀️ 🚣‍♂️ 🚣
ladybug,,🐞
spool,,🧵
relaxing,,😌 😎
图瓦卢,,🇹🇻
piggy,,🐷 🐽
證書,,📄
三次方,,
溜溜球,,🪀
lecturer,,👨‍🏫 👩‍🏫 🧑‍🏫
darts,,🎯
筆記,,📒
coffin,,⚰️
vomit,,🤢 🤮
英国国旗,,🇬🇧
koala,,🐨
sneakers,,👟
skiing,,⛷ 🎿
脑斧,,🐯
書籍,,📚
whew,,😥 😪 😅
螞蟻,,🐜
telescope,,🔭
揮手,,👋
squid,,🦑
badminton,,🏸
Kenya,,🇰🇪
瑙鲁,,🇳🇷
純潔,,😇
sparkling,,✨
coats,,🥼 🧥
Nepal,,🇳🇵
oink,,🐷 🐽
休旅车,,🚙
pedestrian,,🚶‍♀️ 🚶‍♂️ 🚶
navigator,,👨‍✈️ 👩‍✈️ 🧑‍✈️
丹麥,,🇩🇰
莱索托,,🇱🇸
佛得角,,🇨🇻
volleyball,,🏐
technician,,👨‍🔧 👩‍🔧
公车站,,🚏
海關,,🛃
helicopter,,🚁
medication,,💊
pastry,,🥐 🥮
玉米穗,,🌽
斯威士兰,,🇸🇿
Belgium,,🇧🇪
startled,,😲 😯 😱
不能說,,🙊 🤫
threading,,🧵
cops,,👮‍♀️ 🚔 👮‍♀️ 👮‍♂️
helmet,,⛑
Sudan,,🇸🇩
mailbox,,📪 📫 📬 📭
纱丽,,🥻
牛奶瓶,,🍼
菲律賓,,🇵🇭
旅館,,🏨
tortoise,,🐢
霧氣,,🌁
Poland,,🇵🇱
townhouse,,🏠 🏡
bathing,,🛀 🛁 🧼 🧽
格局打开,,🫴
freezing,,🥶
釣魚,,🎣
大橋,,🌉
Haiti,,🇭🇹
runners,,🏃‍♀️ 🏃‍♂️ 🏃
嬰兒,,👶
Cambodia,,🇰🇭
烹飪,,🍳
Finland,,🇫🇮
Portugal,,🇵🇹
motorcycle,,🏍
kissing,,👨‍❤️‍💋‍👨 👩‍❤️‍💋‍👨 👩‍❤️‍💋‍👩 💏 😗
superhero,,🦸‍♀️ 🦸‍♂️
蒸馏器,,⚗️
船锚,,⚓️
leopard,,🐆
lotion,,🧴
Nigeria,,🇳🇬
skeeter,,🦟
花栗鼠,,🐿
Argentina,,🇦🇷
Norway,,🇳🇴
explosive,,🧨
環保,,♻️
非礼勿听,,🙉
钓鱼场,,🎣
astronomy,,☄️ ⭐️ 🌍 🌏 🌑
piracy,,🏴‍☠️
左推,,🫷
粉心,,🩷
几内亚比绍,,🇬🇼
tulip,,🌷 💐
圣诞老爷爷,,🎅
annoyed,,😒 🙄 😑 😠
選中,,☑️
peacock,,🦚
suitcase,,🧳
嘟嘟车,,🛺
saxophone,,🎷
纽埃,,🇳🇺
多米尼加共和国,,🇩🇴
yawn,,🥱
shrug,,🤷‍♀️ 🤷‍♂️ 🤷
Iceland,,🇮🇸
ointments,,🧴
astonished,,😲 😦 😧
Jewish,,🕍
溫泉,,♨️
狗脸,,🐶
surfing,,🏄‍♀️ 🏄‍♂️
热化了,,🫠
sunglasses,,🕶 😎
baller,,⛹️‍♀️ ⛹️ ⛹️‍♂️
Ghana,,🇬🇭
mermaid,,🧜‍♀️
五弦琴,,🪕
Afghanistan,,🇦🇫
鱼板,,🍥
漩渦,,🌀
锡克教,,🪯
celebrating,,🥳
火鍋,,🍲
hopefully,,🙏
cupid,,💘
paperclip,,📎
許可,,🉑
spaghetti,,🍝
注意儿童,,🚸
眼鏡,,👓
cavity,,🦷
萨克斯风,,🎷
双手张开,,👐
handbag,,👜 👝
Panama,,🇵🇦
gorilla,,🦍
flashlight,,🔦
prawn,,🦐 🍤
rooster,,🐓 🐔
圣文森特,,🇻🇨
閃電,,⚡️
stretching,,🙆‍♀️ 🙆‍♂️
錘子,,🔨
taurus,,♉️
驚嘆,,❗️ ‼️
baths,,🧼 🧽 🛀 🛁
razor,,🪒
親吻,,😚
popcorn,,🍿
自行車,,🚲
马黛茶,,🧉
martini,,🍸
投票箱,,🗳
電車,,🚃 🚎
喂辅,,🤱
Ethiopia,,🇪🇹
Merlin,,🧙‍♂️
merman,,🧜‍♂️
一箭穿心,,💘
microbe,,🦠
自动柜员机,,🏧
lipstick,,💄
prohibited,,⛔️ 🈲 📵 🔞 🚫
下弦月,,🌗
Uganda,,🇺🇬
松樹,,🌲
gecko,,🦎
生物危害,,☣️
octopus,,🐙
黃昏,,🌆 🌇
牛奶杯,,🥛
強壯,,💪
逃離,,💨
cowboy,,🤠
helix,,🧬
vampire,,🧛‍♀️ 🧛‍♂️
hongbao,,🧧
釋然,,😌
dancers,,👯‍♀️ 👯‍♂️ 👯
shampoo,,🧴
戀人,,💑
bacillus,,🦠
鑽石,,💎
圆领衫,,👕
flats,,🥿
screaming,,😱 🙀
skateboard,,🛹
福登,,
鳳梨,,🍍
賓館,,🏨
Guinea,,🇬🇳
絲帶,,🎀
眉月,,🌒
vulcan,,🖖
小巴士,,🚐
高鐵,,🚄
中非共和国,,🇨🇫
十二點,,🕛
mosque,,🕌
黄丝带,,🎗
sewing,,🧵
travelled,,🧳
立米,,
陰天,,☁️
whiskey,,🥃
燈籠,,🏮
broccoli,,🥦
诺伊尔,,
郵件,,📧
rockets,,🧨 🚀
blonde,,👱‍♀️ 👱‍♂️
selfie,,🤳
檸檬,,🍋
lizard,,🦎
Ukraine,,🇺🇦
underwear,,🩲
刚果共和国,,🇨🇬
夕陽,,🌇 🌆
martians,,👽
医疗车,,🚑
toolbox,,🧰
铁道车,,🚃
禁止行人,,🚷
abode,,🏠 🏡
mangos,,🥭
拳击手套,,🥊
claws,,🦞
fearful,,😨 😰 😧
沙锤,,🪇
rugby,,🏉
napping,,💤 😴
mooncakes,,🥮
毛蟲,,🐛
Venezuela,,🇻🇪
donut,,🍩
virgo,,♍️
銀河,,🌌
加彭,,🇬🇦
破產,,💸
tornado,,🌪
连字符,,
chilly,,🥶
飯店,,🏨
slippers,,🥿
eggplant,,🍆
cashflow,,💸
utensil,,🍴 🍽 🥄
americano,,☕️
阿鲁巴,,🇦🇼
无尾熊,,🐨
Bangladesh,,🇧🇩
情侶,,👫 💑
鉛筆,,✏️
鐵索,,🔗
silhouette,,👤 👥 🗣
红毛猩猩,,🦧
drunken,,🥴
密克罗尼西亚,,🇫🇲
travellers,,🧳
dazed,,🥴
wizards,,🧙‍♂️
ambulance,,🚑
郵箱,,📮
高尔夫球手,,🏌️‍♀️ 🏌️‍♂️
公交車,,🚌
女士衬衫,,👚
footprints,,👣
希臘,,🇬🇷
boating,,🛶
rewind,,⏪ ⏮
牽手,,👫 👬 👭
侧手翻,,🤸‍♀️ 🤸‍♂️
無語,,😅
kicking,,🦵
yurt,,⛺️ 🏕
scooter,,🏍 🛴 🛵
單人,,👤
Greenland,,🇬🇱
dango,,🍡
Malta,,🇲🇹
瓜皮帽,,👲
麵包,,🍞
棕櫚,,🌴
旋木,,🎠
廣播,,📢
查行李,,🛃
dagger,,🗡
bacterium,,🦠 🧫
bathtub,,🛀 🛁
灯球,,🪩
聽不到,,🙉
書本,,📚 📖
flamingo,,🦩
美式足球,,🏈
skeptic,,🤨 🧐
surfer,,🏄‍♀️ 🏄‍♂️
Shinto,,⛩
红发女,,👩‍🦰
夹钳,,🗜
cupcake,,🧁
concierge,,💁‍♀️ 💁‍♂️ 💁
wheelchair,,♿️ 👨‍🦼 👨‍🦽 👩‍🦼 👩‍🦽
seasoning,,🧂
hourglass,,⌛️ ⏳
加那利群岛,,🇮🇨
desserts,,🥮 🧁 🍦 🍧 🍨
Triton,,🧜‍♂️ 🔱
lollipop,,🍭
Qatar,,🇶🇦
眯眼笑,,😄
Colombia,,🇨🇴
smiley,,☺️ 💩 😀 😁 😂
墨西哥卷,,🌮
紅心,,♥️
鲤鱼旗,,🎏
blazing,,🥵
twinkling,,✨ ⭐️ 🤩 💖
hockey,,🏑 🏒 🥅
女宇航员,,👩‍🚀
strolling,,🚶‍♀️ 🚶‍♂️
embroidery,,🧵
sewed,,🧵
sunscreen,,🧴
双峰骆驼,,🐫
猴脸,,🐵
停車場,,🅿️
扣针,,🧷
handshake,,🤝
begging,,🥺 🙏
打電話,,📲
moai,,🗿
圣多美和普林西比,,🇸🇹
epsilon,,
restroom,,🚻 🚽
hashtag,,#️⃣
baguette,,🥖
intoxicated,,🥴 😵
双耳瓶,,🏺
滑雪鞋,,🎿
envelopes,,✉️
puke,,🤮 🤢
cocktails,,🍸 🍹
Cyprus,,🇨🇾
sweating,,🥵 😓 😅 😥
onions,,🧅
oysters,,🦪
parasite,,🦠
jogging,,🏃‍♀️ 🏃‍♂️ 🏃
库克群岛,,🇨🇰
LMAO,,🤣 😂 🤪
LMAO,,🤣
shivering,,🥶
stormy,,☔️ ⛈️ 🌩
单峰骆驼,,🐪
剪切板,,📋
犹太教堂,,🕍
法属波利尼西亚,,🇵🇫
porous,,🧽
physicist,,👨‍🔬 👩‍🔬 🧑‍⚕️
genomes,,🧬
bouquet,,💐
giggle,,🤭 🙊
六點,,🕕
briefs,,🩲
錢包,,👛
firefighter,,👨‍🚒 👩‍🚒 🧑‍🚒
摸摸哒,,😘 💋
襯衫,,👔
突突车,,🛺
Hungary,,🇭🇺
firecracker,,🧨
報紙,,📰
badger,,🦡
barefoot,,🦶
Maldives,,🇲🇻
climber,,🧗‍♀️ 🧗‍♂️
superpower,,🦸‍♀️ 🦸‍♂️ 🦹‍♀️ 🦹‍♂️
Vatican,,🇻🇦
坡跟凉鞋,,👡
bagel,,🥯
foggy,,🌁 🌫️
hamster,,🐹
cyclone,,🌀
pedestrians,,🚶‍♀️ 🚶‍♂️ 🚶
Gabon,,🇬🇦
puzzles,,🧩
萬聖節,,🎃
utensils,,🍴 🍼 🍽
中華人民共和國,,🇨🇳
櫻花,,🌸
十八禁,,🔞
bikini,,👙
蕈类,,🍄
北马里亚纳群岛,,🇲🇵
服务犬,,🐕‍🦺
medals,,🥈 🥉 🥇 🎖 🏅
禁用手机,,📵
pisces,,♓️
policewoman,,👮‍♀️
左邊,,👈
卫星天线,,📡
fairies,,🧚‍♀️ 🧚‍♂️ 🧚‍♂️
对钩,,
香槟杯,,🥂
spies,,🕵️‍♀️ 🕵️‍♂️
連衣裙,,👗
褲子,,👖
sleigh,,🛷
櫻桃,,🍒
trident,,🔱
聖誕樹,,🎄
heroine,,🦸‍♀️
kneeling,,🧎‍♀️ 🧎‍♂️ 🧎
wrench,,🔧 🛠
pancakes,,🥞
swimmer,,🏊‍♀️ 🏊‍♂️
熱湯,,♨️
馬桶,,🚽
hedgehog,,🦔
看電影,,🎦
小鸡宝宝,,🐤
熊貓,,🐼
打車,,🚗
notepad,,📝 🗒
thermometer,,🌡 🤒
Angola,,🇦🇴
錄像,,📹
福克兰群岛,,🇫🇰
bourbon,,🥃
米字旗,,🇬🇧
bowling,,🎳
lovesick,,🥰 💔
gymnast,,🤸‍♀️ 🤸‍♂️ 🤸
鱷魚,,🐊
三角旗,,🚩
單車,,🚲
Dolphins,,🐬
Guam,,🇬🇺
唔得,,🙅‍♀️ 🙅‍♂️
廁所,,🚾 🚽
菠蘿,,🍍
注意事項,,📋
圣赫勒拿,,🇸🇭
米飯,,🍚
傳真,,📠
单轨列车,,🚝
sweeps,,🧹
提取行李,,🛄
asteroid,,☄️
挺赞,,👍
Serbia,,🇷🇸
Jamaica,,🇯🇲
knitting,,🧶
wrestling,,🤼‍♀️ 🤼‍♂️
籃球,,🏀
vomiting,,🤮
bandage,,🩹 🤕
西撒哈拉,,🇪🇭
單曲循環,,🔂
microscope,,🔬
prawns,,🍤 🦐
crochet,,🧶
Slovakia,,🇸🇰
checkbox,,☑️ ✅
aviator,,👨‍✈️ 👩‍✈️ 🧑‍✈️
pathogens,,🦠
potion,,🧪
blizzard,,🌨 🥶
平方公尺,,
germs,,🦠
banknote,,💵 💶 💴
浮雲,,☁️
紅桃,,♥️
新喀里多尼亚,,🇳🇨
法属圭亚那,,🇬🇫
snowing,,🌨
高音谱号,,🎼
sauna,,🧖‍♀️ 🧖‍♂️ 🧖
意大利面条,,🍝
eyewear,,🥽
aquarius,,♒️
耳機,,🎧
飞机座位,,💺
wipes,,🧻
curling,,🥌
親親,,😘
Yemen,,🇾🇪
無話可說,,😶
Romania,,🇷🇴
bonfire,,🔥
baskets,,🧺
野餐篮,,🧺
马提尼克,,🇲🇶
radioactive,,☢️
包头巾,,🧕
rhinoceros,,🦏
Morocco,,🇲🇦
叉号,,❎
玩遊戲,,🎮
马恩岛,,🇮🇲
absorbing,,🧽
Antarctica,,🇦🇶
控制旋钮,,🎛
點子,,💡
終點,,🏁
比利時,,🇧🇪
暈眩,,💫 🥴
黑塞哥维那,,🇧🇦
microbes,,🦠
足跡,,👣
sandwiches,,🥪
bridegroom,,🤵
tsunami,,🌊
墨西哥卷饼,,🌯
红发男,,👨‍🦰
圣诞岛,,🇨🇽
有来信,,📬
eruption,,🌋
不懷好意,,😼
玩杂耍,,🤹‍♀️ 🤹‍♂️
parachute,,🪂
bathed,,🧼 🧽
越野車,,🚙
Lebanon,,🇱🇧
capricorn,,♑️
滑鼠,,🖱
goggles,,🥽
fencing,,🤺
球门球,,
椒盐卷饼,,🥨
Namibia,,🇳🇦
magnets,,🧲
showers,,🧼 🧽
蝴蝶結,,🎀
doughnut,,🍩
carousel,,🎠
烏雲,,☁️
间隔号,,
观光列车,,🚟
karaoke,,🎤
reptile,,🦎 🐍
bowing,,🙇‍♀️ 🙇‍♂️ 🙇
笑臉,,😄
吉尔吉斯坦,,🇰🇬
tengu,,👺
搜尋,,🔍
artiste,,👨‍🎨 👩‍🎨 🧑‍🎨
scuba,,🤿
sloth,,🦥
托下巴,,🤔
金发男子,,👱
lorry,,🚚 🚛
mahjong,,🀄️
中秋節,,🎑
tangerine,,🍊
wiping,,🧻
Oxfords,,👞
trolley,,🚋 🚎 🚃
单选按钮,,🔘
breastfeed,,🤱
喇叭筒,,📣
jigsaw,,🧩
相機,,📷
juices,,🥤
sassy,,💁‍♀️ 💁‍♂️ 💁
jackets,,🧥
Belarus,,🇧🇾
archery,,🏹
teacup,,🍵
洗衣篮,,🧺
筆記本,,📓 💻
Kazakhstan,,🇰🇿
headphones,,🎧
skeptical,,🤨 🧐 🤔
explorers,,🧭
呆然,,😐
flamenco,,💃
颱風,,🌀
dynamite,,🧨
彩虹旗,,🏳️‍🌈
freeway,,🛣
潜水镜,,🤿
Libya,,🇱🇾
tentacle,,🐙
Bulgaria,,🇧🇬
格雷茨卡,,
Benin,,🇧🇯
talisman,,🧿
兩點,,🕑
biologist,,👨‍🔬 👩‍🔬 🥼 🧑‍🔬
Tanzania,,🇹🇿
Dominica,,🇩🇲
extremity,,🦶
campfire,,🔥
電池,,🔋
厭倦,,😩
Croatia,,🇭🇷
九次方,,
法国国旗,,🇫🇷
rosette,,🏵
nostril,,🐽 👃
moderator,,👨‍⚖️ 👩‍⚖️ 🧑‍⚖️
fête,,🥳
歐元,,💶
愛爾蘭,,🇮🇪
whut,,😲 😶 😮
clipboard,,📋
義大利,,🇮🇹
jockey,,🏇
四次方,,
Ecuador,,🇪🇨
girlfriends,,👯‍♀️
sodas,,🥤
policewomen,,👮‍♀️
賭博,,🎲
Aruba,,🇦🇼
请勿乱扔,,🚯
男孩节,,🎏
scorching,,🥵
raccoon,,🦝
pleading,,🥺
休闲车,,🚙
Luxembourg,,🇱🇺
jogger,,🏃‍♀️ 🏃‍♂️ 🏃
賽車,,🏎 🏁
計時,,⌛️
daffodil,,🌼
賭場,,🎰
constable,,👮‍♀️ 👮‍♂️ 💂‍♀️ 💂‍♂️
climbers,,🧗‍♀️ 🧗‍♂️
salesperson,,👨‍💼 👩‍💼 🧑‍💼
Rwanda,,🇷🇼
judo,,🥋
男士鞋,,👞
Burma,,🇲🇲
貝殼,,🐚
壽司,,🍣
fuming,,😤 😡
雙掌,,👐
Madagascar,,🇲🇬
pixie,,🧚‍♀️ 🧚‍♂️ 🧚
號角,,📯
Niue,,🇳🇺
detectives,,🕵️‍♀️ 🕵️‍♂️ 🕵️
Zimbabwe,,🇿🇼
熱氣騰騰,,🍲
衬衫领带,,👔
tipsy,,🥴
无烟区,,🚭
西洋棋,,♟
铃当,,🔔
sunburn,,🥵
登山靴,,🥾
molar,,🦷
villains,,🦹‍♀️ 🦹‍♂️
乾杯,,🍻 🥂
哥倫比亞,,🇨🇴
無表情,,😐
奧地利,,🇦🇹
八點,,🕗
女妖怪,,🦹‍♀️
四點,,🕓
kimono,,👘
女士服装,,👚
锡克教徒,,🪯
克尔白,,🕋
麻將,,🀄️
Uruguay,,🇺🇾
sagittarius,,♐️
電影院,,🎦
lather,,🧼 🧽
zombies,,🧟‍♀️ 🧟‍♂️
八角星,,✴️
怪獸,,👾
blushing,,☺️ 😊 😚 🤗
蘇丹,,🇸🇩
芬蘭,,🇫🇮
croissant,,🥐
frosty,,🥶 ☃️
圣文森特和格林纳丁斯,,🇻🇨
象牙海岸,,🇨🇮
女裝,,👚
spying,,👀 🕵️‍♀️ 🕵️‍♂️
Kuwait,,🇰🇼
mangoes,,🥭
Arwen,,🧝‍♀️
小雞,,🐤
Lithuania,,🇱🇹
hibiscus,,🌺
Palau,,🇵🇼
寫信,,✉️
Palestine,,🇵🇸
证件检查,,🛂
吸煙,,🚬
來信,,📨
receipts,,🧾
氣球,,🎈
iguana,,🦎
甜點,,🍮
玩杂技,,🤹‍♀️ 🤹‍♂️
kiddo,,👶
驚嚇,,🤯
drool,,🤤
awwww,,🥰 ☺️ 😊
十點,,🕙
izakaya,,🏮
hornet,,🐝
波蘭,,🇵🇱
百吉饼,,🥯
fastener,,🧷
暈頭轉向,,💫
正裝,,👔
彈鋼琴,,🎹
英文输入法,,🔤
grinning,,☺️ 😀 😁 😂 😃
失戀,,💔
特克斯和凯科斯群岛,,🇹🇨
漢堡,,🍔
意大利国旗,,🇮🇹
bearded,,🧔
alpaca,,🦙
英鎊,,💷
airliner,,✈️
英文大写,,🔠
聖誕老人,,🎅 🤶
stitches,,🧵
infatuated,,🥰 🤩 😍
crawfish,,🦞
商標,,™️
navigating,,🧭
油煎饼,,🥞
hatchet,,🪓
coconuts,,🥥 🌴
四点三十,,🕟
monocle,,🧐
足尖鞋,,🩰
駱駝,,🐫 🐪
Trinidad,,🇹🇹
按鈕,,🔘
taekwondo,,🥋
hippos,,🦛
leafy,,🥬
brooms,,🧹
potty,,🚽
kiddie,,👶
Slovenia,,🇸🇮
muah,,💋 😘 😽
酒館,,🏮
饮水区,,🚰
drumstick,,🍗
行李检查,,🛃
snoring,,😴 💤
clapping,,👏
Bosnia,,🇧🇦
韩国国旗,,🇰🇷
locomotive,,🚂
Macedonia,,🇲🇰
sleuth,,🕵️‍♀️ 🕵️‍♂️ 🕵️
abacus,,🧮
skunk,,🦨
cyclist,,🚴‍♀️ 🚴‍♂️ 🚵‍♀️ 🚵‍♂️
Estonia,,🇪🇪
briefcase,,💼
Brunei,,🇧🇳
Algeria,,🇩🇿
soaps,,🧼
毛毛蟲,,🐛
Mauritius,,🇲🇺
海盗旗,,🏴‍☠️
redhead,,👨‍🦰 👩‍🦰
Latvia,,🇱🇻
doggie,,🐶
snorkel,,🤿
阿聯酋,,🇦🇪
sailboat,,⛵️
compasses,,🧭
全攻全守,,
中国月饼,,🥮
pretzel,,🥨
skier,,⛷
九點,,🕘
motorbike,,🏍
美属维尔京群岛,,🇻🇮
Zambia,,🇿🇲
llamas,,🦙
溜石,,🥌
hairdresser,,💇‍♀️ 💇‍♂️ 💇
英属维京群岛,,🇻🇬
郵輪,,🚢
dejected,,😔 😔 😩
syringe,,💉
banjo,,🪕
窝夫,,🧇
Uzbekistan,,🇺🇿
Albania,,🇦🇱
长曲棍球,,🥍
skateboards,,🛹
野豬,,🐗
Bolivia,,🇧🇴
tibia,,🦴
雙人,,👥
盐瓶,,🧂
五次方,,
衛生間,,🚻 🚾
電源,,🔌
spfs,,🧴
淚流滿面,,😭
parrots,,🦜
重新播放,,🔃
Bahrain,,🇧🇭
滿分,,💯
pawns,,♟
hijab,,🧕
potions,,🧪
feverish,,🥵
玄猫,,🐈‍⬛
veggies,,🌶 🌽 🍅 🍆 🍠
Bhutan,,🇧🇹
非饮用水,,🚱
UFOs,,🛸
invoices,,🧾
loudspeaker,,📢 📣
貨車,,🚚
首飾,,💍
快進,,⏩
五點,,🕔
班卓琴,,🪕
风铃节,,🎐
惡魔,,👿
physicists,,👨‍🔬 👩‍🔬 🧑‍⚕️
sews,,🧵
ballerina,,🩰
Seychelles,,🇸🇨
露齿而笑,,😁
Dracula,,🧛‍♂️
banknotes,,💵 💶 💴
chemists,,👨‍🔬 👩‍🔬 🥼 🧑‍🔬
amulet,,🧿
baffled,,😲 😕 😮
便當,,🍱
吐舌頭,,😋
啟用,,🔛
錢袋,,💰
筒鼓,,🪘
猴子脸,,🐵
鼠脸,,🐭
explosives,,🧨
红猩猩,,🦧
Samoa,,🇼🇸
攝像,,📹
Guatemala,,🇬🇹
情書,,💌
尼泊爾,,🇳🇵
gondola,,🚠 🚡
Montenegro,,🇲🇪
腳踏車,,🚲
Barbados,,🇧🇧
Mozambique,,🇲🇿
鸡尾酒杯,,🍸 🍹
billiards,,🎱
cursing,,🤬
spades,,♠️
公車,,🚌
tuxedo,,🤵
綠茶,,🍵
Bermuda,,🇧🇲
黃心,,💛
soldering,,👨‍🏭 👩‍🏭
上下箭头,,↕️
拉麵,,🍜
endive,,🥬
slacks,,👖
貓咪,,🐱 🐈
steaks,,🥩
minibus,,🚐
booze,,🍸 🥃
七點,,🕖
近視,,👓
vampires,,🧛‍♀️ 🧛‍♂️
silverware,,🍴 🍽 🥄
biking,,🚲 🚴‍♀️ 🚴‍♂️ 🚵‍♀️ 🚵‍♂️
hairdo,,💇‍♂️ 💇 💇‍♀️
festivities,,🥳
红鹳,,🦩
滿月,,🌕
concussion,,🤕
美属萨摩亚,,🇦🇸
紅旗,,🚩
censored,,🤬
单桅帆船,,⛵️
破財,,💸
yawning,,🥱
熊脸,,🐻
Tunisia,,🇹🇳
welder,,👨‍🏭 👩‍🏭
六次方,,
瓜德罗普,,🇬🇵
swimsuit,,👙 🩱
cartwheel,,🤸‍♀️ 🤸‍♂️
Azerbaijan,,🇦🇿
Grenada,,🇬🇩
scarves,,🧣
pondering,,🤔
发件箱,,📤
karate,,🥋
腳印,,👣
Senegal,,🇸🇳
幽靈,,👻
山顶缆车,,🚠
lacrosse,,🥍
synagogue,,🕍
pyros,,🧨
minivan,,🚙 🚐
lobsters,,🦞
sirens,,🚨
狼脸,,🐺
parasites,,🦠
天蠍座,,♏️
zebras,,🦓
crickets,,🦗
獎盃,,🏆
kangaroos,,🦘
giraffes,,🦒
转向前方,,⤴️
氣餒,,🙍‍♀️ 🙍‍♂️
honeydew,,🍈
motorway,,🛣
yoyos,,🪀
網球,,🎾
紅薯,,🍠
Liberia,,🇱🇷
法式长棍面包,,🥖
雨傘,,☂️ 🌂
Malawi,,🇲🇼
竹節,,🎍
打針,,💉
大头钉,,📍
bobbin,,🧵
shellfish,,🦐 🦞 🦪
peacocks,,🦚
熊猫脸,,🐼
bookkeeping,,🧾
giggling,,🤭
biologists,,👨‍🔬 👩‍🔬 🧑‍🔬
女士帽,,👒
冰上曲棍球,,🏒
casserole,,🥘
無能為力,,👐
安圭拉,,🇦🇮
vocalist,,👨‍🎤 👩‍🎤
處女座,,♍️
superheroes,,🦸‍♀️ 🦸‍♂️
德国国旗,,🇩🇪
amoeba,,🦠
關機,,📴
峨眉月,,🌙
解鎖,,🔓
方塊,,♦️
manicure,,💅
moisturizer,,🧴
烏克蘭,,🇺🇦
保齡球,,🎳
amphora,,🏺
錄影,,📹
洗手間,,🚻 🚾
麵條,,🍜
风鸢,,🪁
鬱金香,,🌷
馬利,,🇲🇱
幸运饼,,🥠
astounded,,😲 😦 😳
轻轨电车,,🚈
bandaid,,🩹
Botswana,,🇧🇼
stitching,,🧵
seasonings,,🧂
juggler,,🤹‍♀️ 🤹‍♂️ 🤹
紐西蘭,,🇳🇿
圖表,,📊
Honduras,,🇭🇳
Somalia,,🇸🇴
日圓,,💴
OK绷,,🩹
cantaloupe,,🍈
burrito,,🌯
scrubbing,,🧽
Bahamas,,🇧🇸
示愛,,😘
张嘴笑,,😃
Gibraltar,,🇬🇮
理髮,,💇‍♀️  💇‍♂️
scorched,,🥵
Cameroon,,🇨🇲
机械腿,,🦿
電燈,,💡
放大鏡,,🔍
suitcases,,🧳
vomited,,🤮
雞腿,,🍗
dinghy,,⛵️ 🚤 🛥
包装礼物,,🎁
Nicaragua,,🇳🇮
餅乾,,🍪
西班牙国旗,,🇪🇸
winking,,😉 😘 😜
马赛回旋,,
gorillas,,🦍
juggling,,🤹‍♀️ 🤹‍♂️ 🤹
警車,,🚓 🚔
dismayed,,😦 😧 😩 😫
adoring,,🥰
帛琉,,🇵🇼
報刊,,📰
smitten,,🥰 🤩 😍
dentists,,🦷
衛士,,💂 💂‍♀️
frostbite,,🥶
Kyrgyzstan,,🇰🇬
brickwork,,🧱
否決,,🙅‍♀️ 🙅‍♂️
superpowers,,🦸‍♀️ 🦸‍♂️ 🦹‍♀️ 🦹‍♂️
日曆,,🗓
poodle,,🐩
spiderweb,,🕸
計程車,,🚕 🚖
左右箭头,,↔️
pints,,🍻 🍺
pastries,,🥮
遊樂場,,🎠 🎡
牛仔褲,,👖
orangutan,,🦧
heroines,,🦸‍♀️
chuckles,,🤭
pinching,,🤏
博兹瓦纳,,🇧🇼
向上箭头,,⬆️
sizzling,,🥵
grandad,,👴
撇号,,
fencer,,🤺
恭賀,,㊗️
阅读邮件,,📨
cavities,,🦷
golfer,,🏌️‍♀️ 🏌️‍♂️ 🏌️
團子,,🍡
stethoscope,,🩺
剥皮的香蕉,,🍌
spools,,🧵
vials,,🧪
蟲子,,🐛
giggles,,🤭
salespeople,,👨‍💼 👩‍💼 🧑‍💼
cupcakes,,🧁
工業區,,🏭
scrubber,,🧽
公雞,,🐓
楓葉,,🍁
mosquitos,,🦟
蒙特塞拉特,,🇲🇸
softball,,🥎
planetarium,,🪐
轎車,,🚗 🚘
waffles,,🧇
undead,,🧛‍♀️ 🧛‍♂️ 🧟‍♀️ 🧟‍♂️
Paraguay,,🇵🇾
Djibouti,,🇩🇯
手动轮椅,,🦽
海運,,🚢
bagels,,🥯
開懷大笑,,😆 😄
Andorra,,🇦🇩
rickshaw,,🛺
townhome,,🏠 🏡
多雲,,⛅️
skydiving,,🪂
Moldova,,🇲🇩
泡湯,,♨️
Tajikistan,,🇹🇯
備忘,,📝
snorkeling,,🤿
紙箱,,📦
銀河系,,🌌
Gambia,,🇬🇲
speedboat,,🚤 🛥
零次方,,
膠囊,,💊
千分比,,
toiletries,,🧴
新幹線,,🚊
Belize,,🇧🇿
lipgloss,,💄
雙魚座,,♓️
sponges,,🧽
Vanuatu,,🇻🇺
Judaism,,✡️
sparkles,,✨
薩克斯,,🎷
龍捲風,,🌪
金髮,,👱 👱‍♀️
skydive,,🪂
motorboat,,🚤 🛥
knits,,🧶
necktie,,👔
香槟酒杯,,🥂
雛菊,,🌼
樂譜,,🎼
冰島,,🇮🇸
steamy,,🧖‍♀️ 🧖‍♂️
diwali,,🪔
方格旗,,🏁
魔术帽,,🎩
萨摩亚群岛,,🇼🇸
雙子座,,♊️
biceps,,💪
absorbent,,🧽
章魚,,🐙
蝎子摆尾,,
糰子,,🍡
handball,,🤾‍♀️ 🤾‍♂️ 🤾
八次方,,
shamrock,,☘️
俄國,,🇷🇺
燈泡,,💡
企鵝,,🐧
congrats,,👏 🥳 🎉
appalled,,😲 😳 😱 🤯
粉红心,,🩷
七次方,,
鯨魚,,🐳 🐋
奪冠,,🏆
星月旗,,🇹🇷
英文小写,,🔡
十一點,,🕚
獅子座,,♌️
電子郵件,,📧
安全背心,,🦺
邪恶之眼,,🧿
救護車,,🚑
confetti,,🎉 🎊
灰色心,,🩶
Tobago,,🇹🇹
evergreens,,🌲
Guyana,,🇬🇾
stitched,,🧵
准許,,🙆‍♀️ 🙆‍♂️
GarageBand,,🎸
纜車,,🚡 🚠
備忘錄,,📝
abaci,,🧮
flamingos,,🦩
輪椅,,🦼
escargot,,🐌
razors,,🪒
没有来信,,📭
mollusk,,🦑 🦪
sleds,,🛷
螺絲,,🔩
campground,,⛺️ 🏕
兔脸,,🐰
托克劳,,🇹🇰
南韓,,🇰🇷
femur,,🦴
辦公樓,,🏢
wintry,,🥶
Burundi,,🇧🇮
Mauritania,,🇲🇷
毕业帽,,🎓
wrestler,,🤼‍♀️ 🤼‍♂️
綿羊,,🐑
mallard,,🦆
fasteners,,🧷
broomstick,,🧹
场记板,,🎬
bullseye,,🎯
wilting,,🥀
salves,,🧴
eyeglasses,,🤓 👓
Herzegovina,,🇧🇦
cartography,,🧭
斯里蘭卡,,🇱🇰
baseballs,,🥎
badgers,,🦡
Catholicism,,✝️
子弹列车,,🚅
leprechaun,,☘️ 🍀
望遠鏡,,🔭
mwah,,💋 😘 😽
長褲,,👖
joystick,,🕹
隱秘,,🔏
勾号,,✔️
太阳脸,,🌞
郵局,,🏣
showered,,🧼 🧽
blondes,,👱‍♀️
電視機,,📺
電量,,🔋
suntan,,🧴
drumsticks,,🥁 🍗
golfing,,🏌️ 🏌️‍♀️ 🏌️‍♂️
margarine,,🧈
Montserrat,,🇲🇸
Loafers,,👞
ballers,,⛹️‍♀️ ⛹️ ⛹️‍♂️
landline,,📞
格子军,,🇭🇷
chuckling,,🤭
公共汽車,,🚌
monorail,,🚄 🚅 🚆 🚇 🚈
殘月,,🌘 🌙
moped,,🏍
macaw,,🦜
Eritrea,,🇪🇷
rucksack,,🎒
賽跑,,🏃 🏃‍♀️
運動鞋,,👟
frankfurter,,🌭
右回转,,↪️
黑色的心,,🖤
关机模式,,📴
brickworks,,🧱
墨鏡,,🕶
已滿,,🈵
馬達加斯加,,🇲🇬
乳液瓶,,🧴
惡鬼,,👹
咖哩饭,,🍛
收益报表,,📈
longboard,,🛹
pepperoni,,🍕
百貨公司,,🏬
blowfish,,🐡
sunscreens,,🧴
frosting,,🧁
yachting,,🛥
禁止骑车,,🚳
distraught,,😩 😫 😭
老婦人,,👵
levitating,,🕴
balding,,👨‍🦲 👩‍🦲
盈凸月,,🌔
牧羊座,,♈️
渡輪,,⛴️
老虎脸,,🐯
葛摩,,🇰🇲
雞尾酒,,🍸
sparkler,,🧨
crustacean,,🦞
衝浪,,🏄‍♀️ 🏄
巴拿馬,,🇵🇦
sunblock,,🧴
racoon,,🦝
兔子脸,,🐰
羅馬尼亞,,🇷🇴
bacilli,,🦠
Lesotho,,🇱🇸
辦公大樓,,🏢
發郵件,,📩
cosmonaut,,👨‍🚀 👩‍🚀
yuebing,,🥮
龍臉,,🐲
Kosovo,,🇽🇰
不高兴的脸,,☹️
闪亮的心,,💖
建築工人,,👷 👷‍♀️
薯條,,🍟
Comoros,,🇰🇲
Nauru,,🇳🇷
冰上溜石,,🥌
pixies,,🧚‍♀️ 🧚‍♂️ 🧚
alembic,,⚗️
日式服装,,👘
举重者,,🏋️‍♀️ 🏋️‍♂️
置頂,,🔝
molars,,🦷
西紅柿,,🍅
三角泳裤,,🩲
oregano,,🌿
单曲播放,,🔁
披薩,,🍕
記事簿,,📒
falafel,,🥙 🧆
shuttlecock,,🏸
haircuts,,💇‍♀️ 💇‍♂️ 💇
收音機,,📻
chipmunk,,🐿
golfers,,🏌️‍♀️ 🏌️‍♂️ 🏌️
列表循环,,🔄
水龍頭,,🚰
Anguilla,,🇦🇮
脆米饼,,🍘
flapjack,,🥞
無口,,😶
马约特岛,,🇾🇹
对话气泡,,💬
saleswoman,,👩‍💼
Darjeeling,,☕️
hedgehogs,,🦔
showering,,🚿 🧼 🧽
wheelchairs,,👨‍🦼 👨‍🦽 👩‍🦼 👩‍🦽 🦼
megaphone,,📣 📢
calzone,,🍕
dueling,,🤺
衛兵,,💂 💂‍♀️
接電話,,📲
转向后方,,⤵️
剪髮,,💇‍♀️ 💇‍♂️
Micronesia,,🇫🇲
shrugging,,🤷‍♀️ 🤷‍♂️ 🤷
tepee,,⛺️ 🏕
向右箭头,,➡️
美属维京群岛,,🇻🇮
老爺爺,,👴
overheating,,🥵
skillet,,🍳
fibula,,🦴
Martinique,,🇲🇶
parachutes,,🪂
bacterias,,🧫
上鎖,,🔒
可拉熊,,🐨
聽筒,,📞
sorceress,,🧙‍♀️
nigiri,,🍣
中等音量,,🔉
buccaneer,,🏴‍☠️
constables,,👮‍♀️ 👮‍♂️ 💂‍♀️ 💂‍♂️
圣皮埃尔和密克隆,,🇵🇲
飲用水,,🚰
checkmark,,✔️ ☑️ ✅
humerus,,🦴
左轉,,⬅️
斐濟,,🇫🇯
打遊戲,,🎮
quizzical,,🤨 🧐 🤔
回纹针,,📎
濃湯,,🍲
過山車,,🎢
約旦,,🇯🇴
票據,,🎫
北韓,,🇰🇵
Elrond,,🧝‍♂️
亏凸月,,🌖
平底鍋,,🍳
獎杯,,🏆
冷飲,,🍹
鋼筆,,✒️
心形装饰,,💟
殘障,,♿️
音乐键盘,,🎹
盒飯,,🍱
cygnet,,🦢
adjudicator,,👨‍⚖️ 👩‍⚖️ 🧑‍⚖️
通关检查,,🛂
outbox,,📤
提款機,,🏧
薩克斯風,,🎷
raccoons,,🦝
髮廊,,💈
冇眼睇,,🙈
biohazard,,☢️ ☣️
chortle,,🤭
剃頭,,💇‍♀️ 💇‍♂️
紅蘋果,,🍎
攝影機,,📹
摩天輪,,🎡
領帶,,👔
潜水面罩,,🤿
宏都拉斯,,🇭🇳
取消静音,,🔇
顯微鏡,,🔬
slobber,,👅 💦 🤤
造越位,,
smooch,,💋 😘 😚 😽
麥克風,,🎤
白色的心,,🤍
nauseated,,🤢
南苏丹共和国,,🇸🇸
保加利亞,,🇧🇬
哈薩克,,🇰🇿
snowboarder,,🏂
GLBT,,🏳️‍🌈
雷克斯暴龙,,🦖
overheated,,🥵
groggy,,🥴
遊戲機,,🎮
necromancer,,🧙‍♀️ 🧙‍♂️ 🧙
chicory,,🥬
hotcakes,,🥞
格子饼,,🧇
pretzels,,🥨
魚板,,🍥
千分号,,
enchanter,,🧙‍♀️ 🧙‍♂️ 🧙
牙買加,,🇯🇲
賣萌,,🐶
五星紅旗,,🇨🇳
Suriname,,🇸🇷
Kiribati,,🇰🇮
Tuvalu,,🇹🇻
荷属圣马丁,,🇸🇽
萨尔瓦多共和国,,🇸🇻
金球制,,
漲勢,,📈
皮特凯恩群岛,,🇵🇳
lotions,,🧴
女廁,,🚺
一點半,,🕜
沖涼,,🚿
Guernsey,,🇬🇬
skunks,,🦨
照相機,,📷
bakeries,,🥯 🧁
djinn,,🧞‍♀️ 🧞‍♂️ 🧞
紫荆花旗,,🇭🇰
涼鞋,,👡 🩴
sloths,,🦥
遊樂園,,🎠
行李领取处,,🛄
powerboat,,🚤 🛥
奥兰群岛,,🇦🇽
诺福克岛,,🇳🇫
网球衫,,🎽
光盤,,💿
理髮店,,💈
火山噴發,,🌋
八點半,,🕣
入場券,,🎫
鑽戒,,💍
wrestlers,,🤼‍♀️ 🤼‍♂️
天婦羅,,🍤
Kaaba,,🕋
五點半,,🕠
中式月饼,,🥮
headscarf,,🧕
alpacas,,🦙
Curacao,,🇨🇼
arachnid,,🕷
九點半,,🕤
Swaziland,,🇸🇿
星星符号,,✳️
倉鼠,,🐹
drooling,,🤤
禮帽,,🎩
匹萨饼,,🍕
哥斯大黎加,,🇨🇷
交通燈,,🚥 🚦
六點半,,🕡
環扣,,🔗
棕櫚樹,,🌴
老鼠脸,,🐭
amulets,,🧿
紅綠燈,,🚥
清零键,,🆑
cerveza,,🍺
警车灯,,🚨
woozy,,🥴
盧森堡,,🇱🇺
hushing,,🤫 🤐
手電筒,,🔦
塞爾維亞,,🇷🇸
scrubby,,🧽
翻書,,📖
插頭,,🔌
swimsuits,,🩱
crustaceans,,🦞
汗顏,,😅
文件夾,,📂
smirking,,😏 😼
bellhop,,💁‍♀️ 💁‍♂️ 🛎 💁
guardsman,,💂‍♂️
辛巴威,,🇿🇼
besties,,👯‍♀️ 👯‍♂️ 👯‍♂️
沖浪,,🏄‍♀️ 🏄
peafowl,,🦚
pukes,,🤮 🤢
四葉草,,🍀
八爪魚,,🐙
飯團,,🍙
一見鍾情,,💘
puking,,🤮 🤢
錄影帶,,📼
泳裝,,👙
不列顛,,🇬🇧
potsticker,,🥟
大巴車,,🚍
wilted,,🥀
broomsticks,,🧹
琴鍵,,🎹
breastfed,,🤱
馬戲團,,🎪
十點鐘,,🕙
卡達,,🇶🇦
垃圾入篓,,🚮
攝像機,,📹
喀麥隆,,🇨🇲
烏拉圭,,🇺🇾
西洋水仙,,🪻
座機,,☎️
揮拳,,👊
格恩西岛,,🇬🇬
消防車,,🚒
crochets,,🧶
wohoo,,🙌 🥳
Guadeloupe,,🇬🇵
orangutans,,🦧
書籤,,🔖
techies,,👨‍💻 👩‍💻
maguro,,🍣
peahen,,🦚
阿爾及利亞,,🇩🇿
十點半,,🕥
lathers,,🧼 🧽
惊讶怀疑,,⁉️
日本女儿节,,🎎
錄像帶,,📼
menstruate,,🩸
卷軸,,📜
調色板,,🎨
希贾布,,🧕
紅中,,🀄️
和諧號,,🚅
shushing,,🤫 🤐
hiyaa,,🥋
hatchets,,🪓
左回转,,↩️
智能機,,📱
圣巴泰勒米岛,,🇧🇱
sleighs,,🛷
七點半,,🕢
lathered,,🧼 🧽
向左箭头,,⬅️
書簽,,🔖
比薩,,🍕
利比亞,,🇱🇾
弧旋球,,
少兒不宜,,🔞
蒙特塞拉特岛,,🇲🇸
子午線,,🌐
Mayotte,,🇾🇹
拖拉機,,🚜
stilettos,,👠
哈薩克斯坦,,🇰🇿
白俄羅斯,,🇧🇾
leggy,,🦵
湯麵,,🍜
勾選,,☑️
博奈尔,,🇧🇶
buccaneers,,🏴‍☠️
Czechia,,🇨🇿
hippopotami,,🦛
男妖怪,,🦹‍♂️
馬其頓,,🇲🇰
四點半,,🕟
bawling,,😭
開鎖,,🔓
bandaids,,🩹
汶萊,,🇧🇳
mollusks,,🦪 🦑
闪耀的心,,💖
teepee,,⛺️ 🏕
公共小巴,,🚐
玻利維亞,,🇧🇴
洋裝,,👗
sauropod,,🦕
parasail,,🪂
upsilon,,
取款機,,🏧
男吸血鬼,,🧛‍♂️
蒸气火车,,🚂
發言中,,💬
公車站,,🚏
球门网,,🥅
Pitcairn,,🇵🇳
殘障人士,,👩‍🦽 👨‍🦽
rickshaws,,🛺
亞美尼亞,,🇦🇲
列支敦斯登,,🇱🇮
蓝色心形,,💙
聽廣播,,📻
搖桿,,🕹
資料夾,,📁
關島,,🇬🇺
行李过机,,🛄
登山列车,,🚞
Bonaire,,🇧🇶
炸蝦,,🍤
東帝汶,,🇹🇱
兩顆心,,💕
俄国国旗,,🇷🇺
熱帶魚,,🐠
勿視,,🙈
inebriated,,🥴
parachuting,,🪂
發送郵件,,📩
防晒霜瓶,,🧴
superhumans,,🦸‍♀️ 🦸‍♂️
krunk,,🥴
skeeters,,🦟
卡片索引,,📇
標靶,,🎯
crunk,,🥴
關東煮,,🍢
mudbrick,,🧱
三點半,,🕞
banjos,,🪕
menorah,,🕎
coiffeur,,💇‍♂️ 💇‍♀️
向左回转,,↩️
enchanters,,🧙‍♀️ 🧙‍♂️ 🧙
老虎機,,🎰
斑鸠琴,,🪕
gymnasts,,🤸‍♀️ 🤸‍♂️ 🤸
香島,,🇰🇲
愛沙尼亞,,🇪🇪
常青樹,,🌲
雷克斯霸王龙,,🦖
grimacing,,😬
肯亞,,🇰🇪
破殼,,🐣
卷线轴,,🧵
guanaco,,🦙
啦啦隊,,📣
橙色的心,,🧡
sparklers,,🧨
花灑,,🚿
橄欖球,,🏈
soaped,,🧼
slipons,,🥿
parasailing,,🪂
tibias,,🦴
青蟲,,🐛
旋轉木馬,,🎠
長靴,,👢
vomits,,🤮
书签标签,,📑
義大利麵,,🍝
眼饞,,😋
厘秒,,
郵筒,,📮
亏损报表,,📉
叙利亞,,🇸🇾
門松,,🎍
绿色心形,,💚
急救車,,🚑
endives,,🥬
阿爾巴尼亞,,🇦🇱
驚問,,⁉️
大不列顛,,🇬🇧
sunburns,,🥵
打傘,,☔️
信號燈,,🚥
helices,,🧬
crocheting,,🧶
特殊符號,,🔣
bzzzzz,,🐝
向右回转,,↪️
crocheted,,🧶
帳本,,📒
scallywag,,🏴‍☠️
漢堡包,,🍔
cartwheels,,🤸‍♀️ 🤸‍♂️
bicyclist,,🚴‍♀️ 🚴‍♂️ 🚵‍♀️ 🚵‍♂️
longboards,,🛹
炸豆丸子,,🧆
三點鐘,,🕒
apatosaurus,,🦕
U型磁铁,,🧲
巴哈馬,,🇧🇸
小轎車,,🚗 🚘
有軌電車,,🚃
海貝,,🐚
macaws,,🦜
揮汗如雨,,💦
自動櫃員機,,🏧
十一點半,,🕦
美國國旗,,🇺🇸
星號,,✳️
紫色心形,,💜
貨幣兌換,,💱
親暱,,😽
移動電話,,📱
意麵,,🍝
收件匣,,📨
一點鐘,,🕐
非禮勿視,,🙈
愚鸠,,🦤
生气皱眉,,😖
toolboxes,,🧰
循環播放,,🔁
potstickers,,🥟
披萨片,,🍕
賽艇,,🚤
直昇機,,🚁
吉爾吉斯,,🇰🇬
瓢蟲,,🐞
鐵鎚,,🔨
仓鼠脸,,🐹
圣诞老奶奶,,🤶
四點鐘,,🕓
綠心,,💚
moyai,,🗿
緞帶,,🎀
九點鐘,,🕘
休閒鞋,,👟
賽普勒斯,,🇨🇾
無尾熊,,🐨
麵包車,,🚐
衛星通訊,,📡
傳真機,,📠
獅城,,🇸🇬
supercuts,,💇‍♀️ 💇‍♂️
寮國,,🇱🇦
米餅,,🍘
青蘋果,,🍏
祕魯,,🇵🇪
八點鐘,,🕗
二頭肌,,💪
開曼群島,,🇰🇾
当心儿童,,🚸
bobbins,,🧵
吉布地,,🇩🇯
五點鐘,,🕔
禁止通话,,📵
禁丢垃圾,,🚯
flapjacks,,🥞
六點鐘,,🕕
吉里巴斯,,🇰🇮
非禮勿言,,🙊
Tokelau,,🇹🇰
嘴饞,,😋
slobbering,,🤤
cygnets,,🦢
烏干達,,🇺🇬
非禮勿聽,,🙉
lathering,,🧼 🧽
紐埃,,🇳🇺
沙烏地阿拉伯,,🇸🇦
馬爾他,,🇲🇹
阿魯巴,,🇦🇼
puked,,🤮 🤢
蝴蝶脆饼,,🥨
安道尔共和国,,🇦🇩
霧濛濛,,🌁
雲霄飛車,,🎢
男廁,,🚹
amoebas,,🦠
山頂纜車,,🚠
兩點鐘,,🕑
心型装饰,,💟
黄色心形,,💛
貨櫃車,,🚜
东正教十字架,,☦️
針筒,,💉
直布羅陀,,🇬🇮
米字符号,,❇️
小惡魔,,👿
racoons,,🦝
femurs,,🦴
flatware,,🍴 🍽
休旅車,,🚙
十二點半,,🕧
电影打板,,🎬
有來信,,📬
祘盘,,🧮
高速列車,,🚄
豬鼻,,🐽
右下箭头,,↘️
bifocals,,🤓
百貨商店,,🏬
boozed,,🥴
電燈泡,,💡
softballs,,🥎
葉門,,🇾🇪
软木塞瓶,,🍾
禁止吸煙,,🚭
万岛国,,🇳🇴
藍心,,💙
ophiuchus,,⛎
动力轮椅,,🦼
蒲隆地,,🇧🇮
瓜地馬拉,,🇬🇹
十二點鐘,,🕛
废物篓,,🗑
七點鐘,,🕖
土庫曼,,🇹🇲
日式人偶,,🎎
英文輸入法,,🔤
chortling,,🤭
幸運草,,🍀 ☘️
热带饮品,,🍹
紫荊花旗,,🇭🇰
克羅埃西亞,,🇭🇷
amoebae,,🦠
瓦肯举手礼,,🖖
十一點鐘,,🕚
摩爾多瓦,,🇲🇩
呼機,,📟
吸煙區,,🚬
納米比亞,,🇳🇦
所羅門群島,,🇸🇧
驚嘆號,,❗️
蓮蓬頭,,🚿
迦納,,🇬🇭
中華人民共和國國旗,,🇨🇳
奈及利亞,,🇳🇬
回形針,,📎
貝南,,🇧🇯
咖哩飯,,🍛
咖喱飯,,🍛
圖釘,,📌
山地車,,🚵‍♀️ 🚵‍♂️
绿色书本,,📗
鸡尾酒酒杯,,🍸 🍹
蓝色书本,,📘
抽水馬桶,,🚽
波扎那,,🇧🇼
barfs,,🤮
仕女帽,,👒
剛果民主共和國,,🇨🇩
soaping,,🧼
家有兒女,,👨‍👩‍👧‍👦
星條旗,,🇺🇸
摩纳哥国旗,,🇲🇨
mudbricks,,🧱
chortles,,🤭
gyrocompass,,🧭
法属南部领地,,🇹🇫
蕈類,,🍄
比萨片,,🍕
南瓜燈,,🎃
英國國旗,,🇬🇧
紅酒杯,,🍷
電插頭,,🔌
警示燈,,🚨
安道爾,,🇦🇩
馬爾地夫,,🇲🇻
unamused,,😒 😑 😐
斯洛維尼亞,,🇸🇮
鱼跃顶球,,
庫拉索,,🇨🇼
破殼而出,,🐣
七夕树,,🎋
大寫字母,,🔠
scallywags,,🏴‍☠️
公共汽車站,,🚏
觀光列車,,🚟
索馬利亞,,🇸🇴
馬臉,,🐴
庫克群島,,🇨🇰
突尼西亞,,🇹🇳
聖文森,,🇻🇨
化妝室,,🚻
傳呼機,,📟
蓋亞那,,🇬🇾
醫療車,,🚑
百貨大樓,,🏬
法羅群島,,🇫🇴
獅子狗,,🐩
muahaha,,🦹‍♀️ 🦹‍♂️ 🦹
懸浮列車,,🚟
手機關機,,📴
向下手势,,👇
右上箭头,,↗️
fibulas,,🦴
磁懸浮列車,,🚝
鯉魚旗,,🎏
船錨,,⚓️
appletini,,🍸
棕色的心,,🤎
業績下滑,,📉
隨機播放,,🔀
英屬維京群島,,🇻🇬
盧安達,,🇷🇼
運動背心,,🎽
休閒裝,,👕
淡蓝心,,🩵
鐵道車,,🚃
abacuses,,🧮
行李檢查,,🛃
高压符号,,⚡️
警燈,,🚨
coiffeuse,,💇‍♀️ 💇‍♂️
波浪線,,〰️
barfed,,🤮
圆图钉,,📍
日本國旗,,🇯🇵
sorceresses,,🧙‍♀️
單軌列車,,🚝
迴紋針,,📎
坦尚尼亞,,🇹🇿
蝶形手,,👐
muahahaha,,🦹‍♀️ 🦹‍♂️ 🦹
左上箭头,,↖️
馬拉威,,🇲🇼
聖馬利諾,,🇸🇲
狗臉,,🐶
Budhism,,🕉 ☸️
貝里斯,,🇧🇿
小寫字母,,🔡
左下箭头,,↙️
海王戟,,🔱
helixes,,🧬
中非共和國,,🇨🇫
尚比亞,,🇿🇲
幾内亞,,🇬🇳
barfing,,🤮 🤢
飲水區,,🚰
圣诞老人先生,,🎅
schmear,,🥯
賴索托,,🇱🇸
多明尼加共和國,,🇩🇴
塞席爾,,🇸🇨
貓臉,,🐱
美屬薩摩亞,,🇦🇸
振動模式,,📳
法屬圭亞那,,🇬🇫
两點半,,🕝
居酒屋灯笼,,🏮
bleeped,,🤬
直方圖,,📊
圓領衫,,👕
法國國旗,,🇫🇷
賴比瑞亞,,🇱🇷
愛心禮物,,💝
聖露西亞,,🇱🇨
禁行单车,,🚳
鈴噹,,🔔
布吉納法索,,🇧🇫
樹袋熊,,🐨
女士服裝,,👚
美屬維京群島,,🇻🇮
輕軌電車,,🚈
波士尼亞,,🇧🇦
麵包圈,,🍩
畢業帽,,🎓
包頭巾,,🧕
留尼旺島,,🇷🇪
虎臉,,🐯
甘比亞,,🇬🇲
剛果共和國,,🇨🇬
維德角,,🇨🇻
雞尾酒杯,,🍸 🍹
条幅星,,❇️
虧凸月,,🌖
釣魚場,,🎣
天使寶寶,,👼
蘇利南,,🇸🇷
子彈列車,,🚅
剪貼板,,📋
猴臉,,🐵
大頭釘,,📍
厄利垂亞,,🇪🇷
金髮男子,,👱
衛星天線,,📡
聖馬丁島,,🇸🇽
北馬里亞納群島,,🇲🇵
圓圖釘,,📍
吐瓦魯,,🇹🇻
史瓦濟蘭,,🇸🇿
襯衫領帶,,👔
瓜地洛普,,🇬🇵
沒有來信,,📭
薩摩亞群島,,🇼🇸
貴賓狗,,🐩
萬那杜,,🇻🇺
慎聽,,🙉
鼠臉,,🐭
英文大寫,,🔠
蒸氣火車,,🚂
衝澡,,🚿
印度油灯,,🪔
茅利塔尼亞,,🇲🇷
注意兒童,,🚸
熊臉,,🐻
幾內亞比索,,🇬🇼
facepalming,,🤦‍♀️ 🤦‍♂️ 🤦
馬丁尼克,,🇲🇶
聖多美及普林西比,,🇸🇹
雞寶寶,,🐤
粘貼板,,📋
韓國國旗,,🇰🇷
非飲用水,,🚱
意大利麵條,,🍝
向下趋势图,,📉
英文小寫,,🔡
格瑞那達,,🇬🇩
通關檢查,,🛂
乘號,,✖️
塞内加爾,,🇸🇳
向右手势,,👉
登山列車,,🚞
休閒車,,🚙
歌记号,,〽️
拉脱維亞,,🇱🇻
虹式挑球,,
禁用手機,,📵
行李過機,,🛄
證件檢查,,🛂
烏茲别克,,🇺🇿
驚訝懷疑,,⁉️
猴子臉,,🐵
蒙特色拉特島,,🇲🇸
双惊叹号,,‼️
日式服裝,,👘
無煙區,,🚭
唱歌符号,,〽️
列表循環,,🔄
上下箭頭,,↕️
轉向前方,,⤴️
日本女兒節,,🎎
兔臉,,🐰
聖克里斯多福及尼維斯,,🇰🇳
義大利國旗,,🇮🇹
千里達及托巴哥,,🇹🇹
man fairy,,🧚‍♂️
older adult,,🧓
2:30,,🕝
Gambian flag,,🇬🇲
Saint Pierre & Miquelon,,🇵🇲
constellations,,🌌
graduation cap,,🎓
sweat droplets,,💦 💧
video game alien,,👾
man genie,,🧞‍♂️
older man,,👴
puppy dog eyes,,🥺
3:00,,🕒
Saint Pierre and Miquelon,,🇵🇲
construction,,⛑ 🏗 👷‍♀️ 👷‍♂️ 🚧
video game controller,,🎮
虧損報表,,📉
man in a manual wheelchair,,👨‍🦽
older person,,🧓
puppy dog face,,🥺
3:30,,🕞
Saint Vincent & Grenadines,,🇻🇨
bacteria culture,,🧫
breastfeeding,,🤱
construction worker,,👷‍♀️ 👷‍♂️
evil eye,,🧿
sweating face,,🥵
video tape,,📼
man in a motorized wheelchair,,👨‍🦼
puppy eyes,,🥺
4:00,,🕓
Georgian flag,,🇬🇪
Saint Vincentian flag,,🇻🇨
bacteria cultures,,🧫
contact cards,,📇
evil eye amulet,,🧿
videocassette,,📼
man in a wheelchair,,👨‍🦼 👨‍🦽
on the look out,,👀
purple umbrella,,☂️ ☔️ 🌂
4:30,,🕟
German flag,,🇩🇪
Salvadorean flag,,🇸🇻
bacteria dish,,🧫
brick veneer,,🧱
control knobs,,🎛
evil eye bead,,🧿
six o’clock,,🕕
man in lotus position,,🧘‍♂️
oncoming bus,,🚍
5:00,,🕔
Sammarinese flag,,🇸🇲
convenience store,,🏪
evil eye protection,,🧿
six thirty,,🕡
sweeping up,,🧹
向上箭頭,,⬆️
電影打板,,🎬
man in manual wheelchair,,👨‍🦽
oncoming taxi,,🚖
5:30,,🕠
bacteriology,,🧫
evil-eye,,🧿
man in sauna,,🧖‍♂️
oncoming train,,🚆 🚇 🚉 🚊
puzzle piece,,🧩
6:00,,🕕
Ghanaian flag,,🇬🇭
Samoan flag,,🇼🇸
evil-eye bead,,🧿
gray hair,,👨‍🦳 👩‍🦳
skate boarder,,🛹
sweet potato,,🍠
man in tuxedo,,🤵
puzzle pieces,,🧩
6:30,,🕡
San Marino,,🇸🇲
evil-eye charm,,🧿
gray haired,,👨‍🦳 👩‍🦳
skate boarders,,🛹
man in wheelchair,,👨‍🦼 👨‍🦽
one hundred,,💯
7:00,,🕖
Gibraltar flag,,🇬🇮
Sao Tome & Principe,,🇸🇹
evil-eye protection,,🧿
gray haired man,,👨‍🦳
skate park,,🛹
man juggling,,🤹‍♂️
one o’clock,,🕐
pweeze,,🥺
7:30,,🕢
Sao Tome and Principe,,🇸🇹
exclamation mark,,‼️ ⁉️ ❕ ❗️
gray haired woman,,👩‍🦳
skate parks,,🛹
向下趨勢圖,,📉
垃圾入簍,,🚮
man kneeling,,🧎‍♂️
one thirty,,🕜
8:00,,🕗
Greek flag,,🇬🇷
Saudi Arabia,,🇸🇦
badminton racket,,🏸
cop car,,🚓 🚔
great job,,👍 👏
swim briefs,,🩲
volcanic eruption,,🌋
man mountain climbing,,🧗‍♂️
one-piece swimsuit,,🩱
8:30,,🕣
Saudi Arabian flag,,🇸🇦
green apple,,🍏
skateboarding,,🛹
swim shorts,,🩳
high five,,🙌 ✋ 🖐
向下箭頭,,⬇️
收益報表,,📈
man mountian climber,,🧗‍♂️
pyrotechnics,,🧨
9:00,,🕘
Greenlandic flag,,🇬🇱
Saudi flag,,🇸🇦
bright star,,⭐️ 🌟
green canoe,,🛶
swim trunks,,🩳
man playing handball,,🤾‍♂️
9:30,,🕤
bag of popcorn,,🍿
exploding head,,🤯
green face,,🤢
man rock climber,,🧗‍♂️
0:00,,🕛
Grenadian flag,,🇬🇩
Scottish flag,,🏴󠁧󠁢󠁳󠁣󠁴󠁿
cosmetics bottle,,🧴
green fruit,,🥝
向下手勢,,👇
清零鍵,,🆑
man rock climbing,,🧗‍♂️
0:30,,🕧
Grenadine flag,,🇻🇨
bagel and cream cheese,,🥯
cosmetics bottles,,🧴
green leaves,,🍃
swimming pool,,🏊‍♀️ 🏊‍♂️
man rowing,,🚣‍♂️
open hands,,👐 🤲
question mark,,⁉️ ❓ ❔
Senegalese flag,,🇸🇳
bagel with cream cheese,,🥯
green salad,,🥗
man shrugging,,🤷‍♂️
open mic night,,🎤
10:00,,🕙
Guadeloupe flag,,🇬🇵
brontosaurus,,🦕
green tea,,🍵
ski lift,,🚠 🚡
man standing,,🧍‍♂️
open smile,,😀 😂 😃 😄 😆
10:30,,🕥
Serbian flag,,🇷🇸
bagels and cream cheese,,🥯
bronze medal,,🥉
counterclockwise,,🔄
green vegetable,,🥬
ski slopes,,⛷
swirl fish cake,,🍥
折叠式手扇,,🪭
man supervillain,,🦹‍♂️
11:00,,🕚
Guamanian flag,,🇬🇺
bagels with cream cheese,,🥯
court room,,👨‍⚖️ 👩‍⚖️ 🧑‍⚖️
extinguisher,,🧯
green vegetables,,🥬
swirling star,,💫 🌟 ⭐️
向右迴轉,,↪️
man vampire,,🧛‍♂️
11:30,,🕦
Seychellois flag,,🇸🇨
extraterrestrials,,👽
green veggies,,🥬
甲殻蟲,,🐞
man vampires,,🧛‍♂️
orange heart,,🧡
Guatemalan flag,,🇬🇹
baggage claim,,🛄
extreme heat,,🥵
sword fight,,🤺
walk the plank,,🏴‍☠️
向右箭頭,,➡️
info desk,,💁‍♀️ 💁‍♂️ 💁
man with a cape,,🦸‍♂️
orange hearts,,🧡
12:00,,🕛
Sierra Leone,,🇸🇱
cowboy hat,,🤠
grey hair,,👨‍🦳 👩‍🦳
skin protection,,🧴
sword fighting,,🤺
轉向後方,,⤵️
info desk man,,💁‍♂️
man with crown,,🤴
race car,,🏎
12:30,,🕧
Sierra Leonian flag,,🇸🇱
brown heart,,🤎
grey haired,,👨‍🦳 👩‍🦳
wall clock,,🕐 🕑 🕒 🕓 🕔
向右手勢,,👉
info desk woman,,💁‍♀️
man with curly hair,,👨‍🦱
13:00,,🕐
Guinea-Bissau,,🇬🇼
buahaha,,🦹‍♀️ 🦹‍♂️
eye balls,,👀 👁
grey haired man,,👨‍🦳
symbols over mouth,,🤬
warm and fuzzy,,🥰
man with gray hair,,👨‍🦳
racing car,,🏎
13:30,,🕜
Guinean flag,,🇬🇳
Singaporean flag,,🇸🇬
buahahaha,,🦹‍♀️ 🦹‍♂️
eye protection,,🥽
grey haired woman,,👩‍🦳
cruise liner,,⛴️ 🚢 🛳
米字符號,,❇️
information desk,,💁‍♀️ 💁‍♂️ 💁
man with grey hair,,👨‍🦳
orthodontist,,🦷
14:00,,🕑
Sint Maarten,,🇸🇽
bubble bath,,🛀 🛁 🧼
eye roll,,🙄
skull & crossbones,,🏴‍☠️
向左迴轉,,↩️
information desk man,,💁‍♂️
man with no hair,,👨‍🦲
orthodontists,,🦷
14:30,,🕝
Guyanese flag,,🇬🇾
Sint Maarten flag,,🇸🇽
bubble baths,,🧼
skull and crossbones,,🏴‍☠️ ☠️
table salt,,🧂
wash up,,🧼 🧽
cruise ship,,⛴️ 🚢 🛳
information desk woman,,💁‍♀️
man with red hair,,👨‍🦰
15:00,,🕒
Slovak flag,,🇸🇰
cream cheese,,🥯
table tennis,,🏓
wash your mouth out,,🧼
向左箭頭,,⬅️
藍色書本,,📘
man with silver hair,,👨‍🦳
radio button,,🔘
15:30,,🕞
Haitian flag,,🇭🇹
creative designer,,👨‍🎨 👩‍🎨 🧑‍🎨
table tennis racket,,🏓
watch your language,,🧼
向左手势,,👈
man with white cane,,👨‍🦯
outer space,,🪐
16:00,,🕓
Slovene flag,,🇸🇮
bald headed,,👨‍🦲 👩‍🦲
credit card,,💳
face cream,,🧴
grumpy face,,😡 😠
向左手勢,,👈
藍色心形,,💙
請勿亂扔,,🚯
man with white hair,,👨‍🦳
16:30,,🕟
bald headed man,,👨‍🦲
face creams,,🧴
gua pi mao,,👲
tae kwon do,,🥋
water buffalo,,🐃
Wi-Fi,,🛜
書簽標簽,,📑
man zombie,,🧟‍♂️
overheated face,,🥵
radius bone,,🦴
17:00,,🕔
Herzegovinian flag,,🇧🇦
Slovenian flag,,🇸🇮
bald headed woman,,👩‍🦲
crescent moon,,🌙
face mask,,😷
tae kwon do uniform,,🥋
water closet,,🚾
書籤標籤,,📑
man zombies,,🧟‍♂️
railway track,,🛤
17:30,,🕠
Holy See,,🇻🇦
Solomon Islands,,🇸🇧
bald man,,👨‍🦲
crescent shape moon,,🌙
face palm,,🤦‍♀️ 🤦‍♂️ 🤦
guardian angel,,👼
water drop,,💧
insurance agent,,👨‍💼 👩‍💼 🧑‍💼
18:00,,🕕
Honduran flag,,🇭🇳
Solomon Islands flag,,🇸🇧
bald woman,,👩‍🦲
face palming,,🤦‍♀️ 🤦‍♂️ 🤦
water droplet,,💧
18:30,,🕡
Somali flag,,🇸🇴
bumble bee,,🐝
face surrounded with hearts,,🥰
guardswoman,,💂‍♀️
take a bath,,🛀 🛁
water droplets,,💦
狼臉,,🐺
intoxicated face,,🥴
rainbow flag,,🏳️‍🌈
19:00,,🕖
Hong Kong,,🇭🇰
balding man,,👨‍🦲
cricket bat,,🏏
face wearing glasses,,🤓
guide dog,,🦮
taken aback,,😲 😮 😯
water drops,,💦
investigator,,🕵️‍♀️ 🕵️‍♂️ 🕵️
19:30,,🕢
Hong Kong flag,,🇭🇰
South Africa,,🇿🇦
balding woman,,👩‍🦲
face with a bandage,,🤕
guide dogs,,🦮
water faucet,,🚰
mantel clock,,🕰
raise the roof,,🙌
20:00,,🕗
Hungarian flag,,🇭🇺
South African flag,,🇿🇦
face with a cold,,🤧
takeout box,,🥡
water fountain,,⛲️
manual wheelchair,,👨‍🦽 👩‍🦽 🦽
raise ur hands,,🙌
20:30,,🕣
South Georgia & the South Sandwich Islands,,🇬🇸
ball of yarn,,🧶
burning up,,🥵
face with a long nose,,🤥
sleeping face,,😴
taking a photo,,🤳
water gun,,🔫
雙驚嘆號,,‼️
manufacturing,,👨‍🏭 👩‍🏭 🧑‍🏭
raise your hands,,🙌
21:00,,🕘
I love you,,🤟 😽 😍
South Georgia and the South Sandwich Islands,,🇬🇸
face with a medical mask,,😷
gym shoes,,👟
taking a pic,,🤳
water pistol,,🔫
21:30,,🕤
I see you,,👀
South Georgia flag,,🇬🇸
face with a thermometer,,🤒
sleepy face,,😴 🤤 😪 🥱
taking a picture,,🤳
water polo,,🤽‍♀️ 🤽‍♂️
jack frost,,🥶
raised eyebrow,,🤨
22:00,,🕙
I won,,🙌
South Korean flag,,🇰🇷
face with bandage,,🤕
taking a selfie,,🤳
water polo goal,,🥅
條幅星,,❇️
jack-o-lantern,,🎃
maple leaf,,🍁
raised fist,,✊
22:30,,🕥
South Sandwich Islands flag,,🇬🇸
face with confetti,,🥳
taking notes,,📝
water polo player,,🤽‍♀️ 🤽‍♂️
老虎臉,,🐯
raised hand,,✋ 🙋‍♀️ 🙋‍♂️ 🙋
23:00,,🕚
South Sudan,,🇸🇸
ballet flat,,🥿
cross mark,,❌
face with cowboy hat,,🤠
water splash,,💦
raising hand,,🙋‍♀️ 🙋‍♂️ 🙋
23:30,,🕦
Icelandic flag,,🇮🇸
South Sudanese flag,,🇸🇸
ballet flats,,🥿
bus stop,,🚏
cross-eyed,,🥴
face with glasses,,🤓
gyrocompasses,,🧭
sliced cucumber,,🥒
talking head,,🗣
water sport,,🏄‍♀️ 🏄‍♂️ 🏊‍♀️ 🏊‍♂️ 🚣‍♀️
jasmine tea,,🍵
martial art,,🥋
palm tree,,🌴 🏝
5-0,,👮‍♀️
ballet shoes,,🩰
cross-eyed face,,🥴
face with handkerchief,,🤧
hair cut,,💈 💇‍♀️ 💇‍♂️ 💇
slip-on,,🥿
tanabata tree,,🎋
martial arts,,🥋
palms up together,,🤲
Academy Award,,🏆 🥇 🥈 🥉
Indian flag,,🇮🇳
Spanish flag,,🇪🇸
cross-stitch,,🧵
face with hat,,🤠
hair salon,,💇‍♀️ 💇‍♂️ 💇
slip-on shoe,,🥿
Afghan flag,,🇦🇫
Sri Lanka,,🇱🇰
ballot box,,☑️ 🗳
cross-stitching,,🧵
face with head-bandage,,🤕
hair stylist,,💇‍♀️ 💇‍♂️ 💇
slip-on shoes,,🥿
wave bye,,👋
Indonesian flag,,🇮🇩
Sri Lankan flag,,🇱🇰
face with heart,,🥰
老鼠臉,,🐭
Aland Islands,,🇦🇽
balls of yarn,,🧶
crossed swords,,⚔️
face with hearts,,🥰
關機模式,,📴
jigsaw piece,,🧩
Iranian flag,,🇮🇷
Sudanese flag,,🇸🇩
face with medical mask,,😷
taxi cab,,🚕 🚖
waving hand,,👋
jigsaw pieces,,🧩
reading glasses,,👓 🤓
band-aid,,🩹
cabbage leaf,,🥬
face with pleading eyes,,🥺
wavy mouth,,🥴
小雞寶寶,,🐤
master lock,,🔏 🔐 🔒 🔓
ream of paper,,🧻
Algerian flag,,🇩🇿
Iraqi flag,,🇮🇶
Surinamese flag,,🇸🇷
band-aids,,🩹
cabbage leaves,,🥬
face with raised eyebrow,,🤨
hairdressers,,💇‍♀️ 💇‍♂️ 💇
matcha green tea,,🍵
paper ream,,🧻
Swazi flag,,🇸🇿
cable car,,🚠
face with squiggly mouth,,🥴
half avocado,,🥑
slot machine,,🎰
mate drink,,🧉
paper roll,,🧻
American Samoa,,🇦🇸
bandaged head,,🤕
face with symbols,,🤬
tech people,,👨‍💻 👩‍💻
wear glasses,,🤓
paper towel,,🧻
American flag,,🇺🇸
Irish flag,,🇮🇪
face with thermometer,,🤒
tech person,,👨‍💻 👩‍💻
wearing glasses,,🤓
jolly roger,,🏴‍☠️
paper towels,,🧻
red apple,,🍎
Swedish flag,,🇸🇪
face with tissue,,🤧
tech worker,,👨‍💻 👩‍💻
jolly rogers,,🏴‍☠️
red boxing glove,,🥊
Andorran flag,,🇦🇩
Isle Of Man,,🇮🇲
Swiss flag,,🇨🇭
crystal ball,,🔮
face with uneven eyes,,🥴
small airplane,,🛩
tech workers,,👨‍💻 👩‍💻
red diamond suit,,♦️
face with wavy mouth,,🥴
small frown,,😕 🙁
weight lifter,,🏋️‍♀️ 🏋️‍♂️
red envelope,,🧧
Angolan flag,,🇦🇴
Israeli flag,,🇮🇱
call me,,🤙
culture cells,,🧫
face-palm,,🤦‍♀️ 🤦‍♂️ 🤦
hand on face,,🤦‍♀️ 🤦‍♂️ 🤦
weight lifting,,🏋️‍♀️
red envelopes,,🧧
Italian flag,,🇮🇹
Syrian flag,,🇸🇾
face-palming,,🤦‍♀️ 🤦‍♂️ 🤦
hand over mouth,,🤭
weightlifter,,🏋️‍♀️
judo uniform,,🥋
mechanical arm,,🦾
red face,,🥵
Antarctic flag,,🇦🇶
São Toméan flag,,🇸🇹
cup o’ joe,,☕️
hand with fingers crossed,,🤞
smiley face,,🥰 😊 🙂 😀
technologist,,👨‍💻 👩‍💻
weightlifting,,🏋️‍♀️
mechanical leg,,🦿
red faced,,🥵
Ivorian flag,,🇨🇮
T-Rex,,🦖
bar of soap,,🧼
cup with straw,,🥤
hand with thumb and pinky,,🤙
smiley face wearing glasses,,🤓
technology worker,,👨‍💻 👩‍💻
red gift envelope,,🧧
Antiguan flag,,🇦🇬
Ivory Coast,,🇨🇮
camera phone,,🤳
smiley wearing glasses,,🤓
technology workers,,👨‍💻 👩‍💻
juggling balls,,🤹‍♀️ 🤹‍♂️ 🤹
red gift envelopes,,🧧
Apple dev,,👨‍💻 👩‍💻 🧑‍💻
TV screen,,📺
bare feet,,🦶
camera with flash,,📸
factory worker,,👨‍🏭 👩‍🏭 🧑‍🏭
smiley with glasses,,🤓
teddy bear,,🧸
red hair,,👨‍🦰 👩‍🦰
Apple developer,,👨‍💻 👩‍💻 🧑‍💻
Jamaican flag,,🇯🇲
Tadjik flag,,🇹🇯
bare foot,,🦶
teddy bears,,🧸
俄國國旗,,🇷🇺
juice box,,🧃
red haired man,,👨‍🦰
Apple developers,,👨‍💻 👩‍💻 🧑‍💻
Tajik flag,,🇹🇯
cupped hands,,🤲
hands held out,,🤲
smiling face with hearts,,🥰
medical mask,,😷
part alternation mark,,〽️
red haired woman,,👩‍🦰
Apple devs,,👨‍💻 👩‍💻 🧑‍💻
Japanese flag,,🇯🇵
hands in celebration,,🙌
justice of the peace,,👨‍⚖️ 👩‍⚖️ 🧑‍⚖️
red heart suit,,♥️
Apple watch,,⌚️
hands on head,,🙆‍♀️ 🙆‍♂️ 🙆
喬治亞共和國,,🇬🇪
partly cloudy,,⛅️ 🌤 🌥
red hot face,,🥵
Tanzanian flag,,🇹🇿
curling stone,,🥌
hands raised,,🙌
kale leaf,,🥬
red lobster,,🦞
Argentinian flag,,🇦🇷
Thai flag,,🇹🇭
curling stones,,🥌
fast forward,,⏩ ⏭
hands together,,👏 🙏
white cane,,🦯
單曲播放,,🔁
kale leaves,,🥬
party face,,🥳
red lobsters,,🦞
Jordanian flag,,🇯🇴
bars of soap,,🧼
curly hair,,👨‍🦱 👩‍🦱
hands up,,🙌
television screen,,📺
white hair,,👨‍🦳 👩‍🦳
party hat,,🥳
red octagonal sign,,🛑
Armenian flag,,🇦🇲
Timor-Leste,,🇹🇱
bartlett pear,,🍐
canned food,,🥫
curly haired,,👨‍🦱 👩‍🦱
ten o’clock,,🕙
white haired,,👨‍🦳 👩‍🦳
party hats,,🥳
red rose,,🌹 🥀
Arnold Palmer,,🍹
Timorese flag,,🇹🇱
curly haired man,,👨‍🦱
hang loose,,🤙
snail shell,,🐚
ten thirty,,🕥
white haired man,,👨‍🦳
men climbers,,🧗‍♂️
party horn,,🥳
red sign,,🛑
Kazakh flag,,🇰🇿
baseball cap,,🧢
curly haired woman,,👩‍🦱
hang ten,,🤙
white haired woman,,👩‍🦳
men mountain climbers,,🧗‍♂️
partying face,,🥳
red wine,,🍷
Aruban flag,,🇦🇼
Tobagonian flag,,🇹🇹
baseball caps,,🧢
curly loop,,➿
snare drum,,🥁
white heart,,🤍
左迴轉,,↩️
karate chop,,🥋
men mountain climbing,,🧗‍♂️
passenger ship,,🛳
baseball hat,,🧢
cap and gown,,🎓 👩‍🎓 👨‍🎓
happy birthday,,🥳 🎂 🎈
tennis ball,,🎾
white mouse,,🐁
唱歌符號,,〽️
karate gi,,🥋
men rock climbers,,🧗‍♂️
Asian food,,🍙 🍚 🍜 🍣 🍱
Kenyan flag,,🇰🇪
Togolese flag,,🇹🇬
baseball hats,,🧢
curry and rice,,🍛
femur bone,,🦴
happy crying,,🤣
sno cone,,🍧
karate uniform,,🥋
men rock climbing,,🧗‍♂️
happy hour,,🍻
右迴轉,,↪️
keep it up,,👍
Australian flag,,🇦🇺
Kiribati flag,,🇰🇮
Tokelauan flag,,🇹🇰
happy new year,,🥳
Kosovar flag,,🇽🇰
Tokyo tower,,🗼
happy sad,,🎭
tequila sunrise,,🌅 🌄
wilted flower,,🥀
左上箭頭,,↖️
menstruating,,🩸
Austrian flag,,🇦🇹
card index,,🗂 📇
cut my hair,,💇‍♀️ 💇‍♂️ 💇
ferris wheel,,🎡
happy tears,,🤣
snorkeling mask,,🤿
teriyaki bowl,,🍲
wilted rose,,🥀
薩爾瓦多共和國,,🇸🇻
menstruation,,🩸
paw print,,🐾
Kris Kringle,,🎅
Tongan flag,,🇹🇴
basketball player,,⛹️‍♀️ ⛹️‍♂️ ⛹️
cut of meat,,🥩
test tube,,🧪
Azerbaijani flag,,🇦🇿
basketball players,,⛹️‍♀️ ⛹️‍♂️ ⛹️
snow storm,,🌨
test tubes,,🧪
Kuwaiti flag,,🇰🇼
Trinidad & Tobago,,🇹🇹
the Holy See,,🇻🇦
paypuh,,💵 💸
Kyrgyz flag,,🇰🇬
Trinidad and Tobago,,🇹🇹
hat with a bow,,👒
snowboarding,,🏂
the See of Rome,,🇻🇦
BIOT flag,,🇮🇴
Trinidadian flag,,🇹🇹
hat with bow,,👒
the State of Vatican City,,🇻🇦
左下箭頭,,↙️
禁丟垃圾,,🚯
peace dove,,🕊
Kyrgyzstani flag,,🇰🇬
bath room,,🧼
cartographer,,🧭
the U.N.,,🇺🇳
Bahamian flag,,🇧🇸
bath rooms,,🧼
cartographers,,🧭
fibula bone,,🦴
the U.N. flag,,🇺🇳
土克斯及開科斯群島,,🇹🇨
南蘇丹共和國,,🇸🇸
LGBT pride,,🏳️‍🌈
Tunisian flag,,🇹🇳
bath tub,,🧼
so hot,,🥵
the UN,,🇺🇳
microbiological research,,🧫
Bahraini flag,,🇧🇭
LGBT pride flag,,🏳️‍🌈
bath tubs,,🧼 🧽
field hockey,,🏑
the UN flag,,🇺🇳
左右箭頭,,↔️
microbiological studies,,🧫
Turkish flag,,🇹🇷
cartwheeling,,🤸‍♀️ 🤸‍♂️
dance concert,,👯‍♀️ 👯‍♂️
fight fire,,🧯
head exploding,,🤯
soap bar,,🧼
the United Nations,,🇺🇳
microbiology,,🧫
rice ball,,🍙
Bangladeshi flag,,🇧🇩
Turkmen flag,,🇹🇲
dance recital,,👯‍♀️ 👯‍♂️
fight fires,,🧯
head injuries,,🤕
soap bars,,🧼
the Vatican,,🇻🇦
禁行單車,,🚳
kissing couple,,👨‍❤️‍💋‍👨 👩‍❤️‍💋‍👨 👩‍❤️‍💋‍👩 💏
microbiology research,,🧫
rice bowl,,🍚
Barbadian flag,,🇧🇧
Laotian flag,,🇱🇦
Turkmenistan,,🇹🇲
bathing suit,,👙 🩱
dance shoes,,🩰
fighting fire,,🧯
head injury,,🤕
soap bubble,,🧼
the Vatican City,,🇻🇦
新喀里多尼亞群島,,🇳🇨
microbiology studies,,🧫
rice cracker,,🍘
Latin cross,,✝️
Turkoman flag,,🇹🇲
bathing suits,,🩱
fighting fires,,🧯
head of garlic,,🧄
soap bubbles,,🧼
the Vatican City flag,,🇻🇦
microbiology study,,🧫
rice wine,,🍶
Barbudan flag,,🇦🇬
Turks & Caicos Islands,,🇹🇨
bathing trunks,,🩳
figure skating,,⛸
soap up,,🧼
the Vatican flag,,🇻🇦
microorganism,,🦠
Basotho flag,,🇱🇸
Latvian flag,,🇱🇻
Turks and Caicos,,🇹🇨
file cabinet,,🗃 🗄
the flag of Vatican City,,🇻🇦
woman biking,,🚴‍♀️ 🚵‍♀️
microorganisms,,🦠
Lebanese flag,,🇱🇧
Turks and Caicos Islands,,🇹🇨
soaped up,,🧼
the loo,,🚽
woman cartwheeling,,🤸‍♀️
發件箱,,📤
Belarusian flag,,🇧🇾
Turks and Caicos Islands flag,,🇹🇨
film frames,,🎞
health worker,,👨‍⚕️ 👩‍⚕️ 🧑‍⚕️
the subway,,🚋
woman climber,,🧗‍♀️
pen in hand,,✍️
ringed planet,,🪐
Belgian flag,,🇧🇪
date tree,,🌴
film projector,,📽
hearing aid,,🦻
soaping up,,🧼
the tube,,🚇
woman climbing,,🧗‍♀️
middle finger,,🖕
river otter,,🦦
Tuvaluan flag,,🇹🇻
davy jones,,🏴‍☠️
fingers crossed,,🤞
woman dancing,,💃
右上箭頭,,↗️
pencil and paper,,📝
river otters,,🦦
Liberian flag,,🇱🇷
Tyrannosaurus Rex,,🦖
davy jones’ locker,,🏴‍☠️
finish line,,🏁
heart exclamation mark,,❣️
soaps up,,🧼
woman doing a cartwheel,,🤸‍♀️
road bike,,🚴‍♀️ 🚴‍♂️ 🚴
Belizean flag,,🇧🇿
Liberty Island,,🗽
beach umbrella,,⛱ 🏖
heart eyes,,😍 😻
woman doing a face palm,,🤦‍♀️
兔子臉,,🐰
赤道幾内亞,,🇬🇶
milk bottle,,🍼
UAE flag,,🇦🇪
heart face,,🥰
soccer ball,,⚽️
woman elf,,🧝‍♀️
mind blown,,🤯
people climbing,,🧗‍♀️ 🧗‍♂️ 🧗
Beninese flag,,🇧🇯
Libyan flag,,🇱🇾
dead men tell no tales,,🏴‍☠️
fire engine,,🚒
heart pounding,,💓 💗
third place,,🥉
woman elves,,🧝‍♀️
people rock climbing,,🧗‍♀️ 🧗‍♂️ 🧗
Liechtenstein,,🇱🇮
bear head,,🐻
celebratory toast,,🥂
fire extinguisher,,🧯
heart suit,,♥️
third place bronze medal,,🥉
woman face palming,,🤦‍♀️
心形裝飾,,💟
robotic arm,,🦾
Bermudan flag,,🇧🇲
Liechtenstein flag,,🇱🇮
cell cultures,,🧫
deaf man,,🧏‍♂️
fire extinguishers,,🧯
soda pop,,🥤
thought bubble,,💬 💭 🗯
woman face-palm,,🤦‍♀️
法屬南部領地,,🇹🇫
kung fu,,🥋
robotic leg,,🦿
UK flag,,🇬🇧
cell-culture,,🧫
deaf person,,🧏‍♀️ 🧏‍♂️ 🧏
fire truck,,🚒
woman face-palming,,🤦‍♀️
心型裝飾,,💟
右下箭頭,,↘️
performing arts,,🎭
rock and roll,,🎸
Bhutanese flag,,🇧🇹
Lithuanian flag,,🇱🇹
UN flag,,🇺🇳
cell-culture dish,,🧫
deaf woman,,🧏‍♀️
heat stroke,,🥵
thread spool,,🧵
woman facepalm,,🤦‍♀️
禁止騎車,,🚳
lab coat,,🥼
mobile phone,,📱 📲
periodontics,,🦷
rock band,,🎸
Bissau-Guinean flag,,🇬🇼
US flag,,🇺🇸
cell-culture dishes,,🧫
firecrackers,,🧨
sodium chloride,,🧂
thread spools,,🧵
woman facepalming,,🤦‍♀️
lab coats,,🥼
mobile phones,,📱
periodontist,,🦷
rock climber,,🧗‍♀️ 🧗‍♂️ 🧗
cell-cultures,,🧫
debit card,,💳
soft serve,,🍦
woman fairies,,🧚‍♀️
安道爾共和國,,🇦🇩
禁止通話,,📵
lab dish,,🧫
periodontists,,🦷
rock climbers,,🧗‍♀️ 🧗‍♂️ 🧗
Bolivian flag,,🇧🇴
Luxembourg flag,,🇱🇺
firefighters,,🚒 🧯
heeled sandal,,👡
woman fairy,,🧚‍♀️
lab grown,,🧫
perscription glasses,,🤓
rock climbing,,🧗‍♀️ 🧗‍♂️ 🧗
Luxembourgish flag,,🇱🇺
Ugandan flag,,🇺🇬
beer mugs,,🍻
three notes,,📝
woman genie,,🧞‍♀️
非洲地球仪,,🌍
lab technician,,👨‍🔬 👩‍🔬 🥼 🧑‍🔬
person bowing,,🙇‍♂️
rock-on,,🤘
three o’clock,,🕒
woman in a manual wheelchair,,👩‍🦽
萬島國,,🇳🇴
行李通查,,🛄
lab technicians,,👨‍🔬 👩‍🔬 🥼 🧑‍🔬
person climbing,,🧗‍♀️ 🧗‍♂️ 🧗
Bosnia & Herzegovina,,🇧🇦
Ukrainian flag,,🇺🇦
begging face,,🥺
three thirty,,🕞
woman in a motorized wheelchair,,👩‍🦼
person in tuxedo,,🤵
Bosnia and Herzegovina,,🇧🇦
Union Jack,,🇬🇧
first aid,,🩹 ⛑
thumbs down,,👎
woman in a wheelchair,,👩‍🦼 👩‍🦽
laboratories,,🥼 🧪 🧫
person kneeling,,🧎‍♀️ 🧎‍♂️ 🧎
rocking out,,🎧 🎸
Bosnian flag,,🇧🇦
Macanese flag,,🇲🇴
United Arab Emirates,,🇦🇪
chai tea,,☕️
first place,,🥇
thumbs up,,👍
woman in lotus position,,🧘‍♀️
person rock climbing,,🧗‍♀️ 🧗‍♂️ 🧗
United Kingdom,,🇬🇧
bento box,,🍱
first place gold medal,,🥇
woman in manual wheelchair,,👩‍🦽
laboratory equipment,,🧪
person rowing,,🚣‍♂️
roll of paper,,🧻
Botswanan flag,,🇧🇼
United Nations,,🇺🇳
best day ever,,🙌
deoxyribonucleic acid,,🧬
first-aid,,🩹
helmet with white cross,,⛑
woman in motorized wheelchair,,👩‍🦼
money bag,,💰
person sleeping,,🛌
roller coaster,,🎢
United Nations flag,,🇺🇳
best time ever,,🙌
tibia bone,,🦴
woman in sauna,,🧖‍♀️
警車燈,,🚨
money envelope,,🧧
person standing,,🧍‍♀️ 🧍‍♂️ 🧍
rollercoaster,,🎢
Brazilian flag,,🇧🇷
Macedonian flag,,🇲🇰
United States,,🇺🇸
fish cake,,🍥
woman in wheelchair,,👩‍🦼 👩‍🦽
星星符號,,✳️
lacrosse stick,,🥍
money with wings,,💸
petri dish,,🧫
British Indian Ocean Territory,,🇮🇴
beverage box,,🧃
champagne flutes,,🥂
space ship,,🚀
woman juggling,,🤹‍♀️
lacrosse stick and ball,,🥍
petri dishes,,🧫
roman candle,,🧨
British Virgin Islands,,🇻🇬
Mahoran flag,,🇾🇹
Uruguayan flag,,🇺🇾
champagne glasses,,🥂
fishing pole,,🎣
ticket stub,,🎫
woman kneeling,,🧎‍♀️
lady liberty,,🗽
petrie dish,,🧫
British Virgin Islands flag,,🇻🇬
Malagasy flag,,🇲🇬
Uzbek flag,,🇺🇿
spade suit,,♠️
woman mage,,🧙‍♀️
petrie dishes,,🧫
root canal,,🦷
British flag,,🇬🇧
chat bubble,,💬
fist bump,,👊
woman mountain climber,,🧗‍♀️
root canals,,🦷
British pounds,,💷
Malawian flag,,🇲🇼
check mark,,✅ ✔️
five o’clock,,🕔
high fever,,🤒
tipped hand,,💁‍♀️ 💁‍♂️
woman mountain climbing,,🧗‍♀️
lai see,,🧧
big eyes,,😃
five thirty,,🕠
tipping hand,,💁‍♀️ 💁‍♂️
woman playing handball,,🤾‍♀️
網球衫,,🎽
moon cake,,🥮
Bruneian flag,,🇧🇳
Malaysian flag,,🇲🇾
Vanuatuan flag,,🇻🇺
big smile,,😀 😂 😃 😄 😅
checked bag,,🧳
diamond ring,,💍
flabbergasted,,😲 😮 😯
high heels,,👠
woman rock climber,,🧗‍♀️
moon cakes,,🥮
round of beers,,🍻
checked bags,,🧳
diamond shape,,💠
high temperature,,🤒
tipsy face,,🥴
woman rock climbing,,🧗‍♀️
moon viewing ceremony,,🎑
Maldivian flag,,🇲🇻
Vatican City,,🇻🇦
checked luggage,,🧳
diamond suit,,♦️
high-heeled shoe,,👠
woman rowing,,🚣‍♀️
閃亮的心,,💖
laptop bag,,💼
Vatican City State,,🇻🇦
checkered flag,,🏁
diaper pin,,🧷
woman shrugging,,🤷‍♀️
閃喨的心,,💖
Bulgarian flag,,🇧🇬
Malian flag,,🇲🇱
Vatican City flag,,🇻🇦
diaper pins,,🧷
to-go cup,,🥤
woman standing,,🧍‍♀️
lather up,,🧼 🧽
rub a dub dub,,🧼 🧽
Burkina Faso,,🇧🇫
Vatican flag,,🇻🇦
billed hat,,🧢
woman supervillain,,🦹‍♀️
picnic basket,,🧺
Burkinabe flag,,🇧🇫
Maltese flag,,🇲🇹
billed hats,,🧢
hiking boot,,🥾
speech bubble,,💬 💭 🗯
toilet paper,,🧻
woman vampire,,🧛‍♀️
lathered up,,🧼 🧽
picnic baskets,,🧺
Manx flag,,🇮🇲
Venezuelan flag,,🇻🇪
cheese wedge,,🧀
dining car,,🚃
hiking boots,,🥾
woman vampires,,🧛‍♀️
picture frame,,🖼
rugby football,,🏉
Burmese flag,,🇲🇲
Marshall Islands,,🇲🇭
cheeseburger,,🍔
woman walking,,🚶‍♀️
熊貓臉,,🐼
lathering up,,🧼 🧽
Marshall Islands flag,,🇲🇭
Vietnamese flag,,🇻🇳
flat shoes,,🥿
woman with a cape,,🦸‍♀️
motor boat,,🚤 🛥
Burundian flag,,🇧🇮
Vincentian flag,,🇻🇨
biological experiment,,🧫
chemical experiment,,🧪
hippopotamus,,🦛
too hot,,🥵
woman with a white cane,,👩‍🦯
南乔治亚岛和南桑威奇群岛,,🇬🇸
lathers up,,🧼 🧽
motor scooter,,🛵
run down,,😥 😰
Virgin Islands,,🇻🇬 🇻🇮
biological experiments,,🧫
chemical experiments,,🧪
disappearing money,,💸
hippopotamuses,,🦛
woman with child,,🤰
Mauritanian flag,,🇲🇷
Vulcan salute,,🖖
biological research,,🧫
chemical research,,🧪
disappointed,,😔 😞 😥 🙎‍♀️ 🙎‍♂️
flaxen hair,,👱‍♀️ 👱‍♂️ 👱
spider web,,🕸
woman with curly hair,,👩‍🦱
Cambodian flag,,🇰🇭
Mauritian flag,,🇲🇺
flaxen haired,,👱‍♀️ 👱‍♂️ 👱
woman with gray hair,,👩‍🦳
laughing face,,🤣
fleur-de-lis,,⚜️
woman with grey hair,,👩‍🦳
閱讀郵件,,📨
motorized wheelchair,,👨‍🦼 👩‍🦼 🦼
running shirt,,🎽
Cameroonian flag,,🇨🇲
Wallis & Futuna,,🇼🇫
flexed bicep,,💪
spiral notepad,,🗒
woman with no hair,,👩‍🦲
laundry basket,,🧺
Wallis and Futuna,,🇼🇫
biology experiment,,🧫
diving mask,,🤿
spiral shell,,🐚
tornado cloud,,☁️ ⛅️
woman with red hair,,👩‍🦰
laundry baskets,,🧺
mount fuji,,🗻
pinching hand,,🤏
Canadian flag,,🇨🇦
Mexican flag,,🇲🇽
Wallis flag,,🇼🇫
biology experiments,,🧫
cherry blossom,,🌸
flight attendant,,👨‍✈️ 👩‍✈️ 🧑‍✈️
woman with silver hair,,👩‍🦳
pine decoration,,🎍
safety eyewear,,🥽
Canary Islands,,🇮🇨
Welsh flag,,🏴󠁧󠁢󠁷󠁬󠁳󠁿
biology research,,🧫
floppy disk,,💾
home video,,📹
woman with white cane,,👩‍🦯
綠色書本,,📗
mountain bike,,🚵‍♀️ 🚵‍♂️ 🚵
pine tree,,🌲
safety glasses,,🥽
Canary Islands flag,,🇮🇨
Western Sahara,,🇪🇭
birch tree,,🌳
chess pawn,,♟
diya lamp,,🪔
honey badger,,🦡
woman with white hair,,👩‍🦳
leafy greens,,🥬
mountain biker,,🚵‍♀️ 🚵‍♂️ 🚵
safety pin,,🧷
Cape Verde,,🇨🇻
Micronesian flag,,🇫🇲
chess pawns,,♟
diya lamps,,🪔
honey badgers,,🦡
woman zombie,,🧟‍♀️
綠色心形,,💚
leather bag,,💼
mountain biking,,🚵‍♀️ 🚵‍♂️ 🚵
ping pong,,🏓
safety pins,,🧷
Cape Verdean flag,,🇨🇻
Miquelonnais flag,,🇵🇲
Yemeni flag,,🇾🇪
chess piece,,♟
woman zombies,,🧟‍♀️
mountain cableway,,🚠
ping pong paddle,,🏓
safety vest,,🦺
chess pieces,,♟
dizzy face,,🥴 😵
flying disc,,🥏
spool of thread,,🧵
toy train,,🚂
womans boots,,👢
mountain climber,,🧗‍♀️ 🧗‍♂️ 🧗
pink flower,,🌷 🌸 🌺
Cayman Islands,,🇰🇾
Moldovan flag,,🇲🇩
Zambian flag,,🇿🇲
birthday parties,,🥳
dizzy symbol,,💫
flying discs,,🥏
woman’s bag,,👜
mountain climbers,,🧗‍♀️ 🧗‍♂️ 🧗
Cayman Islands flag,,🇰🇾
Monacan flag,,🇲🇨
birthday party,,🥳
chew toy,,🦴
flying money,,💸
spools of thread,,🧵
woman’s hat,,👒
legal official,,👨‍⚖️ 👩‍⚖️ 🧑‍⚖️
mountain climbing,,🧗‍♀️ 🧗‍♂️ 🧗
pint of beer,,🍺
Central African Republic,,🇨🇫
Zimbabwean flag,,🇿🇼
black belt,,🥋
chew toys,,🦴
flying saucer,,🛸
traffic light,,🚥 🚦
woman’s room,,🚻
mountain train,,🚞
sake bottle,,🍶
black coffee,,☕️
flying saucers,,🛸
horse race,,🐎 🏇
sport uniform,,🥋
woman’s sandal,,👡
Chadian flag,,🇹🇩
Mongolian flag,,🇲🇳
a blast,,💥
black flag,,🏴‍☠️ 🏴
horse racing,,🏇
sport utility vehicle,,🚙
train seat,,💺
woman’s shirt,,👚
Channel Islands flag,,🇬🇬 🇯🇪
Montenegrin flag,,🇲🇪
a bolt,,⚡️
black flags,,🏴‍☠️ 🏴
horseshoe magnet,,🧲
pirate flag,,🏴‍☠️
a nice day,,☀️
black heart,,🖤
chicory leaf,,🥬
horseshoe magnets,,🧲
sports equipment,,🥍 🏒 🏈 🏀
tram station,,🚉
women climbers,,🧗‍♀️
波浪形嘴巴,,🥴
pirate flags,,🏴‍☠️
Chilean flag,,🇨🇱
a no go,,👎 🙅‍♀️ 🙅‍♂️ 🙅
black spade suit,,♠️
chicory leaves,,🥬
dog bone,,🦴
sprinkled doughnut,,🍩
women climbing,,🧗‍♀️
pirate’s,,🏴‍☠️
sales slip,,🧾
Montserratan flag,,🇲🇸
a plant,,🌱
black tea,,☕️
dog bones,,🦴
trash bin,,🗑
women dancing,,👯‍♀️
Chinese flag,,🇨🇳
Moroccan flag,,🇲🇦
a toast,,🥂
hot beverage,,☕️ 🍵
trash bucket,,🗑
women mountain climbers,,🧗‍♀️
lettuce leaf,,🥬
hot dog,,🌭
trash can,,🗑 🚮
women mountain climbing,,🧗‍♀️
lettuce leaves,,🥬
Christmas Island,,🇨🇽
Mozambican flag,,🇲🇿
chili dog,,🌭
doing a cartwheel,,🤸‍♀️ 🤸‍♂️ 🤸
hot face,,🥵
stack of pancakes,,🥞
women rock climbers,,🧗‍♀️
Christmas Island flag,,🇨🇽
doing my nails,,💅
hot pot,,🍲
travel bag,,🧳
women rock climbing,,🧗‍♀️
居酒屋燈籠,,🏮
Mr. Claus,,🎅
blind man,,👨‍🦯
chinese mooncake,,🥮
travel bags,,🧳
橘色书本,,📙
匹薩餅,,🍕
mug of coffee,,☕️
pizza slice,,🍕
salt shaker,,🧂
Cocos Islands flag,,🇨🇨
Mrs. Claus,,🤶
blind woman,,👩‍🦯
chinese mooncakes,,🥮
dollar bills,,💵 💸
formal attire,,👔 🤵
star and crescent,,☪️
woozy face,,🥴
橘色書本,,📙
mug of tea,,🍵
place of worship,,🛐
salt shakers,,🧂
Mt Fuji,,🗻
star eyes,,🤩
披薩片,,🍕
lift weights,,🏋️‍♀️ 🏋️‍♂️ 🏋️
Colombian flag,,🇨🇴
chiropractor,,👨‍⚕️ 👩‍⚕️ 🧑‍⚕️
fortune cookie,,🥠
star struck,,🤩
work out,,🏋️‍♀️ 🏋️
lifting weights,,🏋️‍♂️ 🏋️‍♂️ 🏋️
Comoran flag,,🇰🇲
fortune cookies,,🥠
star-struck,,🤩
work profession,,👮‍♂️ 👷‍♀️ 👷‍♂️ 💂‍♀️ 💂‍♂️
Namibian flag,,🇳🇦
blonde hair,,👱‍♀️
chocolate bar,,🍫
fought fires,,🧯
house cleaning,,🧹 🧽
starry eyed,,🤩
work supplies,,✂️ 📁 📂 📃 📄
light headed,,🥴
music score,,🎼
Congo - Brazzaville,,🇨🇬
don’t litter,,🚮 🚯
house work,,🧺 🧹 🧽
starry eyes,,🤩
風鈴節,,🎐
捲毛狗,,🐩
light rail,,🚄 🚅 🚆 🚇 🚈
Congo - Kinshasa,,🇨🇩
Nauruan flag,,🇳🇷
address book,,📇
fountain pen,,✒️ 🖋
household item,,🧹
starry sky,,🌠
playing card,,♠️ ♣️ ♥️ ♦️ 🎴
santa claus,,🎅
Congo Republic,,🇨🇬
adhesive bandage,,🩹
blood drop,,🩸
double helix,,🧬
four o’clock,,🕓
household items,,🧹
starry-eyed,,🤩
working out,,🏋️‍♀️ 🏋️ 💪
lightning bolt,,⚡️
musical instrument,,🎷 🎸 🎺 🎻 🥁
playing cards,,♠️ ♣️ ♥️ ♦️ 🃏
Congolese flag,,🇨🇩 🇨🇬
Nepalese flag,,🇳🇵
blood type a,,🅰️
four thirty,,🕟
musical score,,🎼
playing handball,,🤾‍♀️ 🤾‍♂️ 🤾
Cook Islands,,🇨🇰
blood type ab,,🆎
humerus bone,,🦴
treble clef,,🎼
world map,,🗺
playing water polo,,🤽‍♀️ 🤽‍♂️ 🤽
Cook Islands flag,,🇨🇰
Nevis flag,,🇰🇳
blood type b,,🅱️
christmas tree,,🎄
fox face,,🦊
humpback whale,,🐋
statue of liberty,,🗽
Costa Rica,,🇨🇷
New Caledonia,,🇳🇨
blood type o,,🅾️
dragon head,,🐲
trench coat,,🧥
pleading face,,🥺
Costa Rican flag,,🇨🇷
New Caledonian flag,,🇳🇨
trench coats,,🧥
nail polish,,💅
please sir,,🥺
New Year,,🎉 🎊
aerial tramway,,🚡
steam locomotive,,🚂
wrapped box,,🎁
nail salon,,💅
pleeese,,🥺
Croatian flag,,🇭🇷
New Zealand,,🇳🇿
blowing a kiss,,😗 😘 😙 😚
dress shirt,,👔
i love it,,🥰 😻 😍
steam room,,🧖‍♀️ 🧖‍♂️
wrapped present,,🎁
live long and prosper,,🖖
nails done,,💅
plot a course,,🧭 🗺
New Zealand flag,,🇳🇿
ahoy matey,,🏴‍☠️
blowing nose,,🤧
steaming bowl,,🍜 🍲
trolley bus,,🚎
name badge,,📛
plotting a course,,🧭
savoy cabbage,,🥬
Cuban flag,,🇨🇺
blue butterfly,,🦋
cinder block,,🧱
french bread,,🥖
Nicaraguan flag,,🇳🇮
air huff,,😤
cinder blocks,,🧱
drink carton,,🧃
french fries,,🍟
steamy room,,🧖‍♀️ 🧖‍♂️
plush animal,,🧸
Curaçao,,🇨🇼
drink to that,,🍻
fried egg,,🍳
ice cold,,❄️
tropical fish,,🐠 🎣 🐟
loaf of bread,,🍞 🥖
napa cabbage,,🥬
plush animals,,🧸
Cypriot flag,,🇨🇾
board game,,♟ 🎯 🎲
ice cream,,🍦 🍨
stethoscopes,,🩺
tropical flower,,🌺 🌹 🌸
wrist watch,,⌚️
plush toy,,🧸
Nigerian flag,,🇳🇬
airplane seat,,💺
board games,,♟
circus tent,,🎪
ice cream cone,,🍦
tropical fruit,,🍍 🥭
national park,,🏞
plush toys,,🧸
Czech Republic,,🇨🇿
Nigerien flag,,🇳🇪
ice cube,,🧊
tropical fruits,,🥭
writing tool,,✏️ ✒️ 📝 🖊 🖋
張嘴笑,,😃
瓦利斯和富图纳旗帜,,🇼🇫
point and shoot,,📷
Czech flag,,🇨🇿
ice hockey,,🏒
tropical island,,🌴 🏝
x eyes,,😵
lock and key,,🔐 🔑
nauseated face,,🤢
Niuean flag,,🇳🇺
drop of blood,,🩸
ice over,,🥶
x mark,,❎
police car,,🚓 🚔
Czechia flag,,🇨🇿
Norfolk Island,,🇳🇫
ice skate,,⛸
police officer,,👮‍♀️ 👮‍♂️ 👮
Danish flag,,🇩🇰
Norfolk Island flag,,🇳🇫
body wash,,🧴
clapper board,,🎬
drops of blood,,🩸
frying pan,,🍳
ice skating,,⛸
stop sign,,🛑
navigational,,🧭
police officers,,👮‍♀️ 👮‍♂️ 👮
North Korea,,🇰🇵
alien monster,,👾
fuel pump,,⛽️
tuk tuk,,🛺
long nose,,🤥
navigational instrument,,🧭
Death Valley,,🏜
North Korean flag,,🇰🇵
bok choy,,🥬
drum with drumsticks,,🥁
full moon,,🌕 🌝
infinity symbol,,♾️
navigational instruments,,🧭
school bus,,🚌 🚍
Democratic Republic of the Congo,,🇨🇩
North Macedonia,,🇲🇰
bok choy leaf,,🥬
tulip bouquet,,💐
yarn ball,,🧶
longboard skateboard,,🛹
schoolteacher,,👨‍🏫 👩‍🏫 🧑‍🏫
North Macedonian flag,,🇲🇰
amber alert,,🚨
bok choy leaves,,🥬
clean up,,🧹 🧼 🧽
funny face,,🤪
straight eyes,,👀
tumbler glass,,🥃
yarn balls,,🧶
forever and ever,,♾️
longboard skateboards,,🛹
polynucleotides,,🧬
Northern Mariana Islands,,🇲🇵
in love,,👨‍❤️‍💋‍👨 👩‍❤️‍💋‍👨 👩‍❤️‍💋‍👩 💏 😍
straw hat,,👒
nazar amulet,,🧿
Djiboutian flag,,🇩🇯
Northern Marianan flag,,🇲🇵
american football,,🏈
cleaned up,,🧹 🧼 🧽
fuzzy navel,,🍹
in love face,,🥰
nazar bead,,🧿
scientific research,,🧪 🧫
drunk face,,🥴
streaming tears,,😭
yawning face,,🥱
nazar charm,,🧿
Norwegian flag,,🇳🇴
cleaning up,,🧹 🧼 🧽
incoming call,,📲
street car,,🚋
infinity symbols,,♾️
Dominican Republic,,🇩🇴
index and middle finger crossed,,🤞
yellow hair,,👱‍♀️ 👱‍♂️
lotion bottle,,🧴
Dominican flag,,🇩🇲 🇩🇴
Omani flag,,🇴🇲
cleans up,,🧼 🧽
yellow haired,,👱‍♀️ 👱 👱‍♂️
lotion bottles,,🧴
necromancers,,🧙‍♀️ 🧙‍♂️ 🧙
Orthodox cross,,☦️
clerical worker,,👨‍💼 👩‍💼 🧑‍💼
strips of bacon,,🥓
twelve o’clock,,🕛
yellow jacket,,🐝
Dutch flag,,🇳🇱
gas station,,⛽️
twelve thirty,,🕧
lotus position,,🧘‍♀️ 🧘‍♂️ 🧘
porcelain throne,,🚽
climb up,,🧗‍♀️ 🧗‍♂️
gay pride,,🏳️‍🌈
yerba mate,,🧉
loud noise,,💥
ang pav,,🧧
gay pride flag,,🏳️‍🌈
yin yang,,☯️
nice choice,,👍
Earl Grey tea,,☕️
dying flower,,🥀
stuffed animal,,🧸
twinkling eyes,,🤩
yo ho yo ho,,🏴‍☠️
scratch pad,,📝
Earl gray tea,,☕️
Pakistani flag,,🇵🇰
bottle of sake,,🍶
dying rose,,🥀
sheet music,,🎼
stuffed animals,,🧸
twinkling heart,,💖
yo-yo,,🪀
love it,,🥰 😍 😊
nine o’clock,,🕘
post office,,🏤
angry face,,😡 😠
climbing up,,🧗‍♀️ 🧗‍♂️
stuffed flatbread,,🥙
twinkling star,,🌟
yo-yos,,🪀
musical artist,,👨‍🎤 👩‍🎤 🧑‍🎤
nine thirty,,🕤
postal horn,,📯
Palauan flag,,🇵🇼
angus burger,,🍔
climbs up,,🧗‍♀️ 🧗‍♂️
當心兒童,,🚸
lovey dovey,,🥰
no access,,⛔️
pot of food,,🍲
Egyptian flag,,🇪🇬
clinking beer mugs,,🍻
subway train,,🚇
twitterpated,,🥰
sales rep,,👨‍💼 👩‍💼 🧑‍💼
no bicycles,,🚳
El Salvador,,🇸🇻
Palestinian Territories,,🇵🇸
clinking glasses,,🥂
ear of corn,,🌽
two glasses,,🥂
young boy,,👦
sales representative,,👨‍💼 👩‍💼 🧑‍💼
西班牙國旗,,🇪🇸
lowball glass,,🥃
no deal,,🙅‍♀️ 🙅‍♂️ 🙅
Palestinian flag,,🇵🇸
ear with hearing aid,,🦻
shining star,,🌟
two hands in handshake,,🤝
young girl,,👧
sales reps,,👨‍💼 👩‍💼 🧑‍💼
no entry,,⛔️
Emergency Alert,,🚨
two hands shaking,,🤝
young person,,🧒
lucky clover,,🍀
no hair,,👨‍🦲 👩‍🦲
Emirates flag,,🇦🇪
Panamanian flag,,🇵🇦
easter island,,🗿
sun behind cloud,,⛅️ 🌤 🌥 🌦
two notes,,📓
lucky envelope,,🧧
no littering,,🚮 🚯
Emirati flag,,🇦🇪
Papua New Guinea,,🇵🇬
cloud of smoke,,💨
sun block,,🧴
two o’clock,,🕑
業績上漲,,📈
lucky envelopes,,🧧
no minors,,🔞
sea otter,,🦦
Papua New Guinean flag,,🇵🇬
shirt with sash,,🎽
sun blocker,,🧴
two thirty,,🕝
lucky red envelope,,🧧
no mobile phones,,📵
sea otters,,🦦
English Breakfast tea,,☕️
Papuan flag,,🇵🇬
sun protection,,🧴
two women wrestling,,🤼‍♀️
lucky red envelopes,,🧧
no one under eighteen,,🔞
pounding heart,,💓 💗
sea salt,,🧂
Equatoguinean flag,,🇬🇶
clown face,,🤡
shiver me timbers,,🏴‍☠️
德國國旗,,🇩🇪
no pedestrians,,🚷
Equatorial Guinea,,🇬🇶
Paraguayan flag,,🇵🇾
clown fish,,🐠
zany face,,🤪
雞尾酒酒杯,,🍸 🍹
no smoking,,🚭
Equatorial Guinean flag,,🇬🇶
Peoples Republic of China,,🇨🇳
eight ball,,🎱
uncomfortable,,🥵 😣
七夕樹,,🎋
lunch special,,🍱
no walking,,🚷
People’s Republic of China,,🇨🇳
eight o’clock,,🕗
rain storm,,⛈️
nom nom,,😋 🤤
second place,,🥈
Eritrean flag,,🇪🇷
eight thirty,,🕣
undercover agent,,🕵️‍♀️ 🕵️‍♂️
non-potable water,,🚱
second place silver medal,,🥈
Peruvian flag,,🇵🇪
eighth notes,,🎵 🎶
shooting star,,☄️ 🌠 💫
undercover agents,,🕵️‍♀️ 🕵️‍♂️
thunder storm,,⛈️ 🌩
Estonian flag,,🇪🇪
Philippine flag,,🇵🇭
underground metro,,🚇
mad face,,😡 😠
pregnant woman,,🤰
secret agent,,🕵️‍♀️ 🕵️‍♂️ 🕵️
eject symbol,,⏏️
shopping cart,,🛒
underground train,,🚇
secret agents,,🕵️‍♀️ 🕵️‍♂️ 🕵️
Ethiopian flag,,🇪🇹
coconut tree,,🌴
shopping trolley,,🛒
sunscreen bottles,,🧴
Åland Islands,,🇦🇽
pretty please,,🙏 🥺
Pitcairn flag,,🇵🇳
elderly lady,,👵
short stack,,🥞
sunscreen lotion,,🧴
uneven eyes,,🥴
Åland Islands flag,,🇦🇽
比薩片,,🍕
特克斯和凯科斯群岛旗帜,,🇹🇨
pretty please with sugar on top,,🥺
Euro banknotes,,💶
elderly man,,👴
not allowed,,⛔️ 📵 🔞 🚫 🚯
see no evil,,🙈
European Union,,🇪🇺
Polish flag,,🇵🇱
bow and arrow,,🏹
coffee cup,,☕️
歌記號,,〽️
not going to happen,,🙅‍♀️ 🙅‍♂️ 🙅
see ya,,✌️ 👋
European flag,,🇪🇺
coffee mug,,☕️
electric guitar,,🎸
shower head,,🚿
magnetic compass,,🧭
not gonna happen,,🙅 🙅‍♀️ 🙅‍♂️
pride parade,,🏳️‍🌈
Portuguese flag,,🇵🇹
glass of milk,,🥛
up in flames,,🔥
magnetic compasses,,🧭
not listening,,🙉
Falkland Islands,,🇫🇰
Puerto Rican flag,,🇵🇷
bowl of soup,,🍲
glass of wine,,🍷
suntan lotion,,🧴
up in smoke,,💨
wind blowing face,,🌬️
騎車登山,,🚵 🚵‍♀️
semi truck,,🚚 🚛
Falkland Islands flag,,🇫🇰
Puerto Rico,,🇵🇷
bowl with spoon,,🥣
suntan oil,,🧴
hard of hearing,,🧏‍♀️ 🧏‍♂️ 🧏
錢飛了,,💸
magnifying glass,,🔍 🔎 🕵️‍♀️ 🕵️‍♂️
senior citizen,,🧓
Faroe Islands,,🇫🇴
eleven o’clock,,🕚
super villain,,🦹‍♀️ 🦹‍♂️
private investigator,,🕵️‍♀️ 🕵️‍♂️ 🕵️
service animal,,🐕‍🦺 🦮
Faroe Islands flag,,🇫🇴
Qatari flag,,🇶🇦
bowling ball,,🎳
cold face,,🥶
eleven thirty,,🕦
super villains,,🦹‍♀️ 🦹‍♂️
private investigators,,🕵️‍♀️ 🕵️‍♂️ 🕵️
service animals,,🐕‍🦺 🦮
Father Christmas,,🎅
bowling pins,,🎳
uv protection,,🧴
service dog,,🐕‍🦺
Republic of Ireland,,🇮🇪
auto rickshaw,,🛺
make out,,💋
service dogs,,🐕‍🦺
Fijian flag,,🇫🇯
vaccinations,,💉
proof of payment,,🧾
seven o’clock,,🕖
Filipino flag,,🇵🇭
Romanian flag,,🇷🇴
boxing glove,,🥊
embroidering,,🧵
goal net,,🥅
octagonal sign,,🛑
prosthetic arm,,🦾
seven thirty,,🕢
prosthetic leg,,🦿
Finnish flag,,🇫🇮
Russian flag,,🇷🇺
boy bowing,,🙇‍♂️ 🙇‍♀️ 🙇
rolling eyes,,🙄
man and woman kissing,,👩‍❤️‍💋‍👨 💏
office worker,,👨‍💼 👩‍💼 🧑‍💼
protection amulet,,🧿
boy climber,,🧗‍♂️
gold medal,,🏅 🥇
sick face,,🤢
格子軍,,🇭🇷
man climber,,🧗‍♂️
protection charm,,🧿
French Guiana,,🇬🇫
Rwandan flag,,🇷🇼
boy climbers,,🧗‍♂️
computer bag,,🎒 💼
sick mask,,😷
supervillain,,🦹‍♀️ 🦹‍♂️
man climbing,,🧗‍♂️
proud of you,,👍 👏
French Guianese flag,,🇬🇫
boy climbing,,🧗‍♂️
supervillains,,🦹‍♀️ 🦹‍♂️
man dancer,,🕺
pua aloalo,,🌺
shallow pan,,🥘
French Polynesia,,🇵🇫
Saint Barthelemy,,🇧🇱
boys climbing,,🧗‍♂️
sign language,,🤟
夹馅卷饼,,🥙
man dancing,,🕺
French Polynesian flag,,🇵🇫
Saint Barthélemy,,🇧🇱
brachiosaurus,,🦕
endive leaves,,🥬
sign of the horns,,🤘
veggie bowl,,🍲
向右推手,,🫸
man doing a face palm,,🤦‍♂️
oil drum,,🛢
puhleez,,🥺
shampoo bottle,,🧴
French Southern Territories,,🇹🇫
Saint Helena,,🇸🇭
surf’s up,,🏄‍♀️ 🏄‍♂️
man elf,,🧝‍♂️
puhweez,,🥺
French Southern Territories flag,,🇹🇫
Saint Helenian flag,,🇸🇭
confused man,,🤷‍♂️
engagement ring,,💍
good choice,,👍
man elves,,🧝‍♂️
French flag,,🇫🇷
Saint Kitts & Nevis,,🇰🇳
baby angel,,👼
confused woman,,🤷‍♀️
good job,,👍 👏
silly face,,🤪 🙃
man face palming,,🤦‍♂️
Futuna flag,,🇼🇫
Saint Kitts and Nevis,,🇰🇳
baby bottle,,🍼
bread loaf,,🍞
good luck gift,,🧧
silver hair,,👨‍🦳 👩‍🦳
向左推手,,🫷
man face-palm,,🤦‍♂️
Saint Kitts flag,,🇰🇳
baby chick,,🐣 🐥
congratulations,,㊗️ 👏 🥳 🎉
goofy face,,🤪
silver haired,,👨‍🦳 👩‍🦳
suspension railway,,🚟
man face-palming,,🤦‍♂️
old lady,,👵
shaved ice,,🍧
Saint Lucia,,🇱🇨
breast feeding,,🤱
console controller,,🎮
silver haired man,,👨‍🦳
man facepalm,,🤦‍♂️
old man,,👴
1:00,,🕐
Saint Lucian flag,,🇱🇨
breast-fed,,🤱
console game,,🎮
silver haired woman,,👩‍🦳
vicuña,,🦙
man facepalming,,🤦‍♂️
old saint Nick,,🎅
1:30,,🕜
Gabonese flag,,🇬🇦
Saint Nicholas,,🎅
back of hand,,🤚
breast-feed,,🤱
silver medal,,🥈
video camera,,📹
man fairies,,🧚‍♂️
old woman,,👵
2:00,,🕑
Saint Nick,,🎅
breast-feeding,,🤱
silver ring,,💍
video game,,🎮 👾 🕹 🖲
爱,,❣️ ❤️ 🏩 👨‍❤️‍👨 👨‍❤️‍💋‍👨
爆炸,,💥
备忘录,,📝
鼻子,,🐽 👃
闭嘴,,😶 🤫 🤐
冰,,🧊
病毒,,🦠
车,,🚙
城市,,🌃 🌆 🌇 🌉 🏙
吃,,🍴 🍽 🥄
吃饭，汉堡,,🌭 🌮 🌯 🍔 🍛
虫,,🐛 🐜 🐞 🕷 🦟
厨师,,👨‍🍳 👩‍🍳
岛,,🏝
地图,,🗺 🗾
电话,,☎️ 📞 📱 📲
电脑,,👨‍💻 👩‍💻 💻 🖥
电视,,📺
电影,,🎞 🎦 🎫 🎬 📼
冬天,,☃️ ⛄️ ❄️ 🌨 🥶
饭,,🍚 🍙 🌾
飞机，旅行,,✈️ 🛩 🛫 🛬
缝,,🧵
感冒,,😷 🤒 🤧
工程师,,👨‍💻 👩‍💻 👷‍♀️
工人,,👨‍⚕️ 👨‍⚖️ 👨‍✈️ 👨‍🌾 👨‍🍳
孩子,,🧒 👦 👧 🧒
孩子，儿童,,👶
火,,🔥 🧯
火车,,🚂 🚃 🚄 🚅 🚆
奖,,🎖 🏅 🏆 🥇 🥈
咖啡,,☕️
哭,,😭
老师,,👨‍🏫 👩‍🏫
老鼠,,🐀
冷,,🥶
梨子,,🍐
礼物,,🎁 💝
铃,,🔔 🔕 🛎
旅馆,,🏨
马,,🐎 🐴
满分,,💯
玫瑰,,🌹 🥀
脑,,🧠
牛,,🐂
牛,,🐄 🐮
女孩,,👧
女孩 女生,,🏃‍♀️ 👧 👩 👰 👱‍♀️
女人,,👩‍💻 👩‍💼 👩‍🔬 👩‍🦯 👩‍🦰
女人,,⛹️‍♀️ 🏃‍♀️ 🏌️‍♀️ 👩 👩‍⚕️
跑步,,🏃‍♀️ 🏃‍♂️ 🏃
苹果,,🍎 🍏
钱,,💰 💲 💵 💴
强,,💪
亲,,💋 😗 😘 😙 😚
清洁,,🧼 🧽
球,,⚽️ ⚾️ ⛳️ 🎱 🎾
裙子,,👗 👘 🥻
肉,,🍔 🍖 🍗 🍤 🥓
山,,⛰️ 🌁 🌄 🌋 🏔
闪电,,⚡️
圣诞,,🎄 🤶 🎅
圣诞,,🎄 🎅
食物,,☕️ 🌭 🌮 🌯 🌰
屎,,💩
手,,🙌
书包,,🎒 👛 👜 👝 💰
树,,🌲 🌳 🌴 🎄 🎋
水果,,🍅 🍇 🍈 🍉 🍊
思考,,🙇‍♀️ 🙇‍♂️ 🤔 💭
死,,💀 ☠️
酸，柠檬,,🍋
锁,,🔏 🔐 🔑 🔒 🔓
太阳,,☀️ 🌞 😎
天气,,☀️ ☁️ ☂️ ☃️ ☄️
天使,,👼 😇
跳舞,,💃 🕺
停,,⏹ ✋ 🚏 🛑
托特包,,👜
哇,,😲 😳 🤩 😯
哇,,😲 😳 😱 😆
问题，举手,,⁉️ ❓ ❔ 🙋‍♀️ 🙋‍♂️
洗澡,,🚿 🛀 🧼 🧽
笑,,😂 😆 😹
写字,,✍️ ✏️ ✒️ 📝 🖊
新,,🆕
星,,✨ 🌌 🤩 ⭐️ 🌟
幸运草,,🍀
熊猫,,🐼
学生,,👨‍🎓 👩‍🎓
雪,,☃️ ❄️
眼睛,,👀
羊,,🐏 🐑
医生,,👨‍⚕️ 👩‍⚕️ 🥼 🩺 🧑‍⚕️
银行,,🏦 💳 💸
饮料，🍺,,🥃 🥛 🥤 🧃 🧉
英雄,,🦸‍♀️ 🦸‍♂️ 🦸
游泳,,🏊‍♀️ 🏊‍♂️ 👙
右,,👉
鱼,,🐟 🐠 🐡
月亮,,🌑 🌒 🌓 🌔 🌕
云,,☁️ ⛅️ ⛈️ 🌁 🌤
运动,,⚽️ ⚾️ ⛳️ ⛷ ⛸
帐篷,,⛺️ 🏕
植物,,☘️ 🌱 🌲 🌳 🌴
纸,,📃 📄 📑 📜 🔖
纸箱,,📦
嘴,,👄
嘴,,👄
free,,🆓